index,id,atlas_id,name,acronym,st_level,ontology_id,hemisphere_id,weight,parent_structure_id,depth,graph_id,graph_order,structure_id_path,color_hex_triplet,neuro_name_structure_id,neuro_name_structure_id_path,failed,sphinx_id,structure_name_facet,failed_facet,safe_name,R,G,B
5,315,746,Isocortex,Isocortex,,1,3,8690,695,5,1,5,/997/8/567/688/695/315/,70FF71,0,,f,6,2147483647,734881840,Isocortex,0.439215686,1,0.443137255
6,184,871,Frontal pole cerebral cortex,FRP,,1,3,8690,315,6,1,6,/997/8/567/688/695/315/184/,268F45,0,,f,7,2147483647,734881840,Frontal pole cerebral cortex,0.149019608,0.560784314,0.270588235
7,68,998,Frontal pole layer 1,FRP1,,1,3,8690,184,7,1,7,/997/8/567/688/695/315/184/68/,268F45,0,,f,8,1397862467,734881840,Frontal pole layer 1,0.149019608,0.560784314,0.270588235
8,667,1073,Frontal pole layer 2/3,FRP2/3,,1,3,8690,184,7,1,8,/997/8/567/688/695/315/184/667/,268F45,0,,f,9,2147483647,734881840,Frontal pole layer 2/3,0.149019608,0.560784314,0.270588235
9,526157192,0,Frontal pole layer 5,FRP5,,1,3,8690,184,7,1,9,/997/8/567/688/695/315/184/526157192/,268F45,0,,f,10,1413248090,734881840,Frontal pole layer 5,0.149019608,0.560784314,0.270588235
10,526157196,0,Frontal pole layer 6a,FRP6a,,1,3,8690,184,7,1,10,/997/8/567/688/695/315/184/526157196/,268F45,0,,f,11,1215326494,734881840,Frontal pole layer 6a,0.149019608,0.560784314,0.270588235
11,526322264,0,Frontal pole layer 6b,FRP6b,,1,3,8690,184,7,1,11,/997/8/567/688/695/315/184/526322264/,268F45,0,,f,12,2147483647,734881840,Frontal pole layer 6b,0.149019608,0.560784314,0.270588235
12,500,203,Somatomotor areas,MO,,1,3,8690,315,6,1,12,/997/8/567/688/695/315/500/,1F9D5A,0,,f,13,356591023,734881840,Somatomotor areas,0.121568627,0.615686275,0.352941176
13,107,1003,Somatomotor areas Layer 1,MO1,,1,3,8690,500,7,1,13,/997/8/567/688/695/315/500/107/,1F9D5A,0,,f,14,900612548,734881840,Somatomotor areas Layer 1,0.121568627,0.615686275,0.352941176
14,219,1017,Somatomotor areas Layer 2/3,MO2/3,,1,3,8690,500,7,1,14,/997/8/567/688/695/315/500/219/,1F9D5A,0,,f,15,1075749695,734881840,Somatomotor areas Layer 2/3,0.121568627,0.615686275,0.352941176
15,299,1027,Somatomotor areas Layer 5,MO5,,1,3,8690,500,7,1,15,/997/8/567/688/695/315/500/299/,1F9D5A,0,,f,16,851674589,734881840,Somatomotor areas Layer 5,0.121568627,0.615686275,0.352941176
16,644,787,Somatomotor areas Layer 6a,MO6a,,1,3,8690,500,7,1,16,/997/8/567/688/695/315/500/644/,1F9D5A,0,,f,17,1003126892,734881840,Somatomotor areas Layer 6a,0.121568627,0.615686275,0.352941176
17,947,825,Somatomotor areas Layer 6b,MO6b,,1,3,8690,500,7,1,17,/997/8/567/688/695/315/500/947/,1F9D5A,0,,f,18,2147483647,734881840,Somatomotor areas Layer 6b,0.121568627,0.615686275,0.352941176
18,985,830,Primary motor area,MOp,,1,3,8690,500,7,1,18,/997/8/567/688/695/315/500/985/,1F9D5A,0,,f,19,1852742012,734881840,Primary motor area,0.121568627,0.615686275,0.352941176
19,320,888,Primary motor area Layer 1,MOp1,,1,3,8690,985,8,1,19,/997/8/567/688/695/315/500/985/320/,1F9D5A,0,,f,20,571569106,734881840,Primary motor area Layer 1,0.121568627,0.615686275,0.352941176
20,943,966,Primary motor area Layer 2/3,MOp2/3,,1,3,8690,985,8,1,20,/997/8/567/688/695/315/500/985/943/,1F9D5A,0,,f,21,2147483647,734881840,Primary motor area Layer 2/3,0.121568627,0.615686275,0.352941176
21,648,929,Primary motor area Layer 5,MOp5,,1,3,8690,985,8,1,21,/997/8/567/688/695/315/500/985/648/,1F9D5A,0,,f,22,628930507,734881840,Primary motor area Layer 5,0.121568627,0.615686275,0.352941176
22,844,1095,Primary motor area Layer 6a,MOp6a,,1,3,8690,985,8,1,22,/997/8/567/688/695/315/500/985/844/,1F9D5A,0,,f,23,2147483647,734881840,Primary motor area Layer 6a,0.121568627,0.615686275,0.352941176
23,882,1100,Primary motor area Layer 6b,MOp6b,,1,3,8690,985,8,1,23,/997/8/567/688/695/315/500/985/882/,1F9D5A,0,,f,24,1442896821,734881840,Primary motor area Layer 6b,0.121568627,0.615686275,0.352941176
24,993,831,Secondary motor area,MOs,,1,3,8690,500,7,1,24,/997/8/567/688/695/315/500/993/,1F9D5A,0,,f,25,1043755260,734881840,Secondary motor area,0.121568627,0.615686275,0.352941176
25,656,930,Secondary motor area layer 1,MOs1,,1,3,8690,993,8,1,25,/997/8/567/688/695/315/500/993/656/,1F9D5A,0,,f,26,2147483647,734881840,Secondary motor area layer 1,0.121568627,0.615686275,0.352941176
26,962,1110,Secondary motor area layer 2/3,MOs2/3,,1,3,8690,993,8,1,26,/997/8/567/688/695/315/500/993/962/,1F9D5A,0,,f,27,2147483647,734881840,Secondary motor area layer 2/3,0.121568627,0.615686275,0.352941176
27,767,944,Secondary motor area layer 5,MOs5,,1,3,8690,993,8,1,27,/997/8/567/688/695/315/500/993/767/,1F9D5A,0,,f,28,2147483647,734881840,Secondary motor area layer 5,0.121568627,0.615686275,0.352941176
28,1021,1117,Secondary motor area layer 6a,MOs6a,,1,3,8690,993,8,1,28,/997/8/567/688/695/315/500/993/1021/,1F9D5A,0,,f,29,2147483647,734881840,Secondary motor area layer 6a,0.121568627,0.615686275,0.352941176
29,1085,1125,Secondary motor area layer 6b,MOs6b,,1,3,8690,993,8,1,29,/997/8/567/688/695/315/500/993/1085/,1F9D5A,0,,f,30,1225271489,734881840,Secondary motor area layer 6b,0.121568627,0.615686275,0.352941176
30,453,339,Somatosensory areas,SS,,1,3,8690,315,6,1,30,/997/8/567/688/695/315/453/,188064,0,,f,31,2147483647,734881840,Somatosensory areas,0.094117647,0.501960784,0.392156863
31,12993,0,Somatosensory areas layer 1,SS1,,1,3,8690,453,7,1,31,/997/8/567/688/695/315/453/12993/,188064,0,,f,32,544207135,734881840,Somatosensory areas layer 1,0.094117647,0.501960784,0.392156863
32,12994,0,Somatosensory areas layer 2/3,SS2/3,,1,3,8690,453,7,1,32,/997/8/567/688/695/315/453/12994/,188064,0,,f,33,2147483647,734881840,Somatosensory areas layer 2/3,0.094117647,0.501960784,0.392156863
33,12995,0,Somatosensory areas layer 4,SS4,,1,3,8690,453,7,1,33,/997/8/567/688/695/315/453/12995/,188064,0,,f,34,1342506384,734881840,Somatosensory areas layer 4,0.094117647,0.501960784,0.392156863
34,12996,0,Somatosensory areas layer 5,SS5,,1,3,8690,453,7,1,34,/997/8/567/688/695/315/453/12996/,188064,0,,f,35,654456070,734881840,Somatosensory areas layer 5,0.094117647,0.501960784,0.392156863
35,12997,0,Somatosensory areas layer 6a,SS6a,,1,3,8690,453,7,1,35,/997/8/567/688/695/315/453/12997/,188064,0,,f,36,719211136,734881840,Somatosensory areas layer 6a,0.094117647,0.501960784,0.392156863
36,12998,0,Somatosensory areas layer 6b,SS6b,,1,3,8690,453,7,1,36,/997/8/567/688/695/315/453/12998/,188064,0,,f,37,2147483647,734881840,Somatosensory areas layer 6b,0.094117647,0.501960784,0.392156863
37,322,747,Primary somatosensory area,SSp,,1,3,8690,453,7,1,37,/997/8/567/688/695/315/453/322/,188064,0,,f,38,131561364,734881840,Primary somatosensory area,0.094117647,0.501960784,0.392156863
38,793,1089,Primary somatosensory area layer 1,SSp1,,1,3,8690,322,8,1,38,/997/8/567/688/695/315/453/322/793/,188064,0,,f,39,1205993041,734881840,Primary somatosensory area layer 1,0.094117647,0.501960784,0.392156863
39,346,1033,Primary somatosensory area layer 2/3,SSp2/3,,1,3,8690,322,8,1,39,/997/8/567/688/695/315/453/322/346/,188064,0,,f,40,401998130,734881840,Primary somatosensory area layer 2/3,0.094117647,0.501960784,0.392156863
40,865,1098,Primary somatosensory area layer 4,SSp4,,1,3,8690,322,8,1,40,/997/8/567/688/695/315/453/322/865/,188064,0,,f,41,931859166,734881840,Primary somatosensory area layer 4,0.094117647,0.501960784,0.392156863
41,921,1105,Primary somatosensory area layer 5,SSp5,,1,3,8690,322,8,1,41,/997/8/567/688/695/315/453/322/921/,188064,0,,f,42,1082931784,734881840,Primary somatosensory area layer 5,0.094117647,0.501960784,0.392156863
42,686,934,Primary somatosensory area layer 6a,SSp6a,,1,3,8690,322,8,1,42,/997/8/567/688/695/315/453/322/686/,188064,0,,f,43,2147483647,734881840,Primary somatosensory area layer 6a,0.094117647,0.501960784,0.392156863
43,719,938,Primary somatosensory area layer 6b,SSp6b,,1,3,8690,322,8,1,43,/997/8/567/688/695/315/453/322/719/,188064,0,,f,44,584382882,734881840,Primary somatosensory area layer 6b,0.094117647,0.501960784,0.392156863
44,353,751,Primary somatosensory area nose,SSp-n,,1,3,8690,322,8,1,44,/997/8/567/688/695/315/453/322/353/,188064,0,,f,45,2147483647,734881840,Primary somatosensory area nose,0.094117647,0.501960784,0.392156863
45,558,635,Primary somatosensory area nose layer 1,SSp-n1,,1,3,8690,353,9,1,45,/997/8/567/688/695/315/453/322/353/558/,188064,0,,f,46,2147483647,734881840,Primary somatosensory area nose layer 1,0.094117647,0.501960784,0.392156863
46,838,953,Primary somatosensory area nose layer 2/3,SSp-n2/3,,1,3,8690,353,9,1,46,/997/8/567/688/695/315/453/322/353/838/,188064,0,,f,47,2147483647,734881840,Primary somatosensory area nose layer 2/3,0.094117647,0.501960784,0.392156863
47,654,647,Primary somatosensory area nose layer 4,SSp-n4,,1,3,8690,353,9,1,47,/997/8/567/688/695/315/453/322/353/654/,188064,0,,f,48,2147483647,734881840,Primary somatosensory area nose layer 4,0.094117647,0.501960784,0.392156863
48,702,653,Primary somatosensory area nose layer 5,SSp-n5,,1,3,8690,353,9,1,48,/997/8/567/688/695/315/453/322/353/702/,188064,0,,f,49,2147483647,734881840,Primary somatosensory area nose layer 5,0.094117647,0.501960784,0.392156863
49,889,1101,Primary somatosensory area nose layer 6a,SSp-n6a,,1,3,8690,353,9,1,49,/997/8/567/688/695/315/453/322/353/889/,188064,0,,f,50,2147483647,734881840,Primary somatosensory area nose layer 6a,0.094117647,0.501960784,0.392156863
50,929,1106,Primary somatosensory area nose layer 6b,SSp-n6b,,1,3,8690,353,9,1,50,/997/8/567/688/695/315/453/322/353/929/,188064,0,,f,51,1588026147,734881840,Primary somatosensory area nose layer 6b,0.094117647,0.501960784,0.392156863
51,329,748,Primary somatosensory area barrel field,SSp-bfd,,1,3,8690,322,8,1,51,/997/8/567/688/695/315/453/322/329/,188064,0,,f,52,2147483647,734881840,Primary somatosensory area barrel field,0.094117647,0.501960784,0.392156863
52,981,971,Primary somatosensory area barrel field layer 1,SSp-bfd1,,1,3,8690,329,9,1,52,/997/8/567/688/695/315/453/322/329/981/,188064,0,,f,53,2147483647,734881840,Primary somatosensory area barrel field layer 1,0.094117647,0.501960784,0.392156863
53,201,1015,Primary somatosensory area barrel field layer 2/3,SSp-bfd2/3,,1,3,8690,329,9,1,53,/997/8/567/688/695/315/453/322/329/201/,188064,0,,f,54,1738869888,734881840,Primary somatosensory area barrel field layer 2/3,0.094117647,0.501960784,0.392156863
54,1047,979,Primary somatosensory area barrel field layer 4,SSp-bfd4,,1,3,8690,329,9,1,54,/997/8/567/688/695/315/453/322/329/1047/,188064,0,,f,55,2147483647,734881840,Primary somatosensory area barrel field layer 4,0.094117647,0.501960784,0.392156863
55,1070,982,Primary somatosensory area barrel field layer 5,SSp-bfd5,,1,3,8690,329,9,1,55,/997/8/567/688/695/315/453/322/329/1070/,188064,0,,f,56,2147483647,734881840,Primary somatosensory area barrel field layer 5,0.094117647,0.501960784,0.392156863
56,1038,978,Primary somatosensory area barrel field layer 6a,SSp-bfd6a,,1,3,8690,329,9,1,56,/997/8/567/688/695/315/453/322/329/1038/,188064,0,,f,57,2147483647,734881840,Primary somatosensory area barrel field layer 6a,0.094117647,0.501960784,0.392156863
57,1062,981,Primary somatosensory area barrel field layer 6b,SSp-bfd6b,,1,3,8690,329,9,1,57,/997/8/567/688/695/315/453/322/329/1062/,188064,0,,f,58,455984295,734881840,Primary somatosensory area barrel field layer 6b,0.094117647,0.501960784,0.392156863
58,480149202,0,Rostrolateral lateral visual area,VISrll,,1,3,8690,329,9,1,58,/997/8/567/688/695/315/453/322/329/480149202/,188064,0,,f,59,2147483647,734881840,Rostrolateral lateral visual area,0.094117647,0.501960784,0.392156863
59,480149206,0,Rostrolateral lateral visual area layer 1,VISrll1,,1,3,8690,480149202,10,1,59,/997/8/567/688/695/315/453/322/329/480149202/480149206/,188064,0,,f,60,2147483647,734881840,Rostrolateral lateral visual area layer 1,0.094117647,0.501960784,0.392156863
60,480149210,0,Rostrolateral lateral visual area layer 2/3,VISrll2/3,,1,3,8690,480149202,10,1,60,/997/8/567/688/695/315/453/322/329/480149202/480149210/,188064,0,,f,61,2147483647,734881840,Rostrolateral lateral visual area layer 2/3,0.094117647,0.501960784,0.392156863
61,480149214,0,Rostrolateral lateral visual area layer 4,VISrll4,,1,3,8690,480149202,10,1,61,/997/8/567/688/695/315/453/322/329/480149202/480149214/,188064,0,,f,62,2147483647,734881840,Rostrolateral lateral visual area layer 4,0.094117647,0.501960784,0.392156863
62,480149218,0,Rostrolateral lateral visual arealayer 5,VISrll5,,1,3,8690,480149202,10,1,62,/997/8/567/688/695/315/453/322/329/480149202/480149218/,188064,0,,f,63,1253499024,734881840,Rostrolateral lateral visual arealayer 5,0.094117647,0.501960784,0.392156863
63,480149222,0,Rostrolateral lateral visual area layer 6a,VISrll6a,,1,3,8690,480149202,10,1,63,/997/8/567/688/695/315/453/322/329/480149202/480149222/,188064,0,,f,64,160753723,734881840,Rostrolateral lateral visual area layer 6a,0.094117647,0.501960784,0.392156863
64,480149226,0,Rostrolateral lateral visual area layer 6b,VISrll6b,,1,3,8690,480149202,10,1,64,/997/8/567/688/695/315/453/322/329/480149202/480149226/,188064,0,,f,65,2147483647,734881840,Rostrolateral lateral visual area layer 6b,0.094117647,0.501960784,0.392156863
65,337,749,Primary somatosensory area lower limb,SSp-ll,,1,3,8690,322,8,1,65,/997/8/567/688/695/315/453/322/337/,188064,0,,f,66,533428449,734881840,Primary somatosensory area lower limb,0.094117647,0.501960784,0.392156863
66,1030,977,Primary somatosensory area lower limb layer 1,SSp-ll1,,1,3,8690,337,9,1,66,/997/8/567/688/695/315/453/322/337/1030/,188064,0,,f,67,1906118639,734881840,Primary somatosensory area lower limb layer 1,0.094117647,0.501960784,0.392156863
67,113,1004,Primary somatosensory area lower limb layer 2/3,SSp-ll2/3,,1,3,8690,337,9,1,67,/997/8/567/688/695/315/453/322/337/113/,188064,0,,f,68,2147483647,734881840,Primary somatosensory area lower limb layer 2/3,0.094117647,0.501960784,0.392156863
68,1094,985,Primary somatosensory area lower limb layer 4,SSp-ll4,,1,3,8690,337,9,1,68,/997/8/567/688/695/315/453/322/337/1094/,188064,0,,f,69,33028960,734881840,Primary somatosensory area lower limb layer 4,0.094117647,0.501960784,0.392156863
69,1128,989,Primary somatosensory area lower limb layer 5,SSp-ll5,,1,3,8690,337,9,1,69,/997/8/567/688/695/315/453/322/337/1128/,188064,0,,f,70,1995492342,734881840,Primary somatosensory area lower limb layer 5,0.094117647,0.501960784,0.392156863
70,478,625,Primary somatosensory area lower limb layer 6a,SSp-ll6a,,1,3,8690,337,9,1,70,/997/8/567/688/695/315/453/322/337/478/,188064,0,,f,71,2147483647,734881840,Primary somatosensory area lower limb layer 6a,0.094117647,0.501960784,0.392156863
71,510,629,Primary somatosensory area lower limb layer 6b,SSp-ll6b,,1,3,8690,337,9,1,71,/997/8/567/688/695/315/453/322/337/510/,188064,0,,f,72,238754776,734881840,Primary somatosensory area lower limb layer 6b,0.094117647,0.501960784,0.392156863
72,345,750,Primary somatosensory area mouth,SSp-m,,1,3,8690,322,8,1,72,/997/8/567/688/695/315/453/322/345/,188064,0,,f,73,2147483647,734881840,Primary somatosensory area mouth,0.094117647,0.501960784,0.392156863
73,878,958,Primary somatosensory area mouth layer 1,SSp-m1,,1,3,8690,345,9,1,73,/997/8/567/688/695/315/453/322/345/878/,188064,0,,f,74,2147483647,734881840,Primary somatosensory area mouth layer 1,0.094117647,0.501960784,0.392156863
74,657,1072,Primary somatosensory area mouth layer 2/3,SSp-m2/3,,1,3,8690,345,9,1,74,/997/8/567/688/695/315/453/322/345/657/,188064,0,,f,75,2147483647,734881840,Primary somatosensory area mouth layer 2/3,0.094117647,0.501960784,0.392156863
75,950,967,Primary somatosensory area mouth layer 4,SSp-m4,,1,3,8690,345,9,1,75,/997/8/567/688/695/315/453/322/345/950/,188064,0,,f,76,2147483647,734881840,Primary somatosensory area mouth layer 4,0.094117647,0.501960784,0.392156863
76,974,970,Primary somatosensory area mouth layer 5,SSp-m5,,1,3,8690,345,9,1,76,/997/8/567/688/695/315/453/322/345/974/,188064,0,,f,77,2147483647,734881840,Primary somatosensory area mouth layer 5,0.094117647,0.501960784,0.392156863
77,1102,986,Primary somatosensory area mouth layer 6a,SSp-m6a,,1,3,8690,345,9,1,77,/997/8/567/688/695/315/453/322/345/1102/,188064,0,,f,78,2147483647,734881840,Primary somatosensory area mouth layer 6a,0.094117647,0.501960784,0.392156863
78,2,990,Primary somatosensory area mouth layer 6b,SSp-m6b,,1,3,8690,345,9,1,78,/997/8/567/688/695/315/453/322/345/2/,188064,0,,f,79,1425070870,734881840,Primary somatosensory area mouth layer 6b,0.094117647,0.501960784,0.392156863
79,369,753,Primary somatosensory area upper limb,SSp-ul,,1,3,8690,322,8,1,79,/997/8/567/688/695/315/453/322/369/,188064,0,,f,80,2147483647,734881840,Primary somatosensory area upper limb,0.094117647,0.501960784,0.392156863
80,450,1046,Primary somatosensory area upper limb layer 1,SSp-ul1,,1,3,8690,369,9,1,80,/997/8/567/688/695/315/453/322/369/450/,188064,0,,f,81,2147483647,734881840,Primary somatosensory area upper limb layer 1,0.094117647,0.501960784,0.392156863
81,854,955,Primary somatosensory area upper limb layer 2/3,SSp-ul2/3,,1,3,8690,369,9,1,81,/997/8/567/688/695/315/453/322/369/854/,188064,0,,f,82,243505027,734881840,Primary somatosensory area upper limb layer 2/3,0.094117647,0.501960784,0.392156863
82,577,1062,Primary somatosensory area upper limb layer 4,SSp-ul4,,1,3,8690,369,9,1,82,/997/8/567/688/695/315/453/322/369/577/,188064,0,,f,83,2147483647,734881840,Primary somatosensory area upper limb layer 4,0.094117647,0.501960784,0.392156863
83,625,1068,Primary somatosensory area upper limb layer 5,SSp-ul5,,1,3,8690,369,9,1,83,/997/8/567/688/695/315/453/322/369/625/,188064,0,,f,84,2147483647,734881840,Primary somatosensory area upper limb layer 5,0.094117647,0.501960784,0.392156863
84,945,1108,Primary somatosensory area upper limb layer 6a,SSp-ul6a,,1,3,8690,369,9,1,84,/997/8/567/688/695/315/453/322/369/945/,188064,0,,f,85,2147483647,734881840,Primary somatosensory area upper limb layer 6a,0.094117647,0.501960784,0.392156863
85,1026,1118,Primary somatosensory area upper limb layer 6b,SSp-ul6b,,1,3,8690,369,9,1,85,/997/8/567/688/695/315/453/322/369/1026/,188064,0,,f,86,997472564,734881840,Primary somatosensory area upper limb layer 6b,0.094117647,0.501960784,0.392156863
86,361,752,Primary somatosensory area trunk,SSp-tr,,1,3,8690,322,8,1,86,/997/8/567/688/695/315/453/322/361/,188064,0,,f,87,2078745056,734881840,Primary somatosensory area trunk,0.094117647,0.501960784,0.392156863
87,1006,974,Primary somatosensory area trunk layer 1,SSp-tr1,,1,3,8690,361,9,1,87,/997/8/567/688/695/315/453/322/361/1006/,188064,0,,f,88,396802005,734881840,Primary somatosensory area trunk layer 1,0.094117647,0.501960784,0.392156863
88,670,649,Primary somatosensory area trunk layer 2/3,SSp-tr2/3,,1,3,8690,361,9,1,88,/997/8/567/688/695/315/453/322/361/670/,188064,0,,f,89,1192883470,734881840,Primary somatosensory area trunk layer 2/3,0.094117647,0.501960784,0.392156863
89,1086,984,Primary somatosensory area trunk layer 4,SSp-tr4,,1,3,8690,361,9,1,89,/997/8/567/688/695/315/453/322/361/1086/,188064,0,,f,90,1741439834,734881840,Primary somatosensory area trunk layer 4,0.094117647,0.501960784,0.392156863
90,1111,987,Primary somatosensory area trunk layer 5,SSp-tr5,,1,3,8690,361,9,1,90,/997/8/567/688/695/315/453/322/361/1111/,188064,0,,f,91,281768908,734881840,Primary somatosensory area trunk layer 5,0.094117647,0.501960784,0.392156863
91,9,991,Primary somatosensory area trunk layer 6a,SSp-tr6a,,1,3,8690,361,9,1,91,/997/8/567/688/695/315/453/322/361/9/,188064,0,,f,92,1364764776,734881840,Primary somatosensory area trunk layer 6a,0.094117647,0.501960784,0.392156863
92,461,623,Primary somatosensory area trunk layer 6b,SSp-tr6b,,1,3,8690,361,9,1,92,/997/8/567/688/695/315/453/322/361/461/,188064,0,,f,93,2147483647,734881840,Primary somatosensory area trunk layer 6b,0.094117647,0.501960784,0.392156863
93,182305689,0,Primary somatosensory area unassigned,SSp-un,,1,3,8690,322,8,1,93,/997/8/567/688/695/315/453/322/182305689/,188064,0,,f,94,10092796,734881840,Primary somatosensory area unassigned,0.094117647,0.501960784,0.392156863
94,182305693,0,Primary somatosensory area unassigned layer 1,SSp-un1,,1,3,8690,182305689,9,1,94,/997/8/567/688/695/315/453/322/182305689/182305693/,188064,0,,f,95,1824943704,734881840,Primary somatosensory area unassigned layer 1,0.094117647,0.501960784,0.392156863
95,182305697,0,Primary somatosensory area unassigned layer 2/3,SSp-un2/3,,1,3,8690,182305689,9,1,95,/997/8/567/688/695/315/453/322/182305689/182305697/,188064,0,,f,96,909836824,734881840,Primary somatosensory area unassigned layer 2/3,0.094117647,0.501960784,0.392156863
96,182305701,0,Primary somatosensory area unassigned layer 4,SSp-un4,,1,3,8690,182305689,9,1,96,/997/8/567/688/695/315/453/322/182305689/182305701/,188064,0,,f,97,481073879,734881840,Primary somatosensory area unassigned layer 4,0.094117647,0.501960784,0.392156863
97,182305705,0,Primary somatosensory area unassigned layer 5,SSp-un5,,1,3,8690,182305689,9,1,97,/997/8/567/688/695/315/453/322/182305689/182305705/,188064,0,,f,98,1806412353,734881840,Primary somatosensory area unassigned layer 5,0.094117647,0.501960784,0.392156863
98,182305709,0,Primary somatosensory area unassigned layer 6a,SSp-un6a,,1,3,8690,182305689,9,1,98,/997/8/567/688/695/315/453/322/182305689/182305709/,188064,0,,f,99,2147483647,734881840,Primary somatosensory area unassigned layer 6a,0.094117647,0.501960784,0.392156863
99,182305713,0,Primary somatosensory area unassigned layer 6b,SSp-un6b,,1,3,8690,182305689,9,1,99,/997/8/567/688/695/315/453/322/182305689/182305713/,188064,0,,f,100,1529046678,734881840,Primary somatosensory area unassigned layer 6b,0.094117647,0.501960784,0.392156863
100,378,754,Supplemental somatosensory area,SSs,,1,3,8690,453,7,1,100,/997/8/567/688/695/315/453/378/,188064,0,,f,101,713142416,734881840,Supplemental somatosensory area,0.094117647,0.501960784,0.392156863
101,873,1099,Supplemental somatosensory area layer 1,SSs1,,1,3,8690,378,8,1,101,/997/8/567/688/695/315/453/378/873/,188064,0,,f,102,697782769,734881840,Supplemental somatosensory area layer 1,0.094117647,0.501960784,0.392156863
102,806,949,Supplemental somatosensory area layer 2/3,SSs2/3,,1,3,8690,378,8,1,102,/997/8/567/688/695/315/453/378/806/,188064,0,,f,103,2147483647,734881840,Supplemental somatosensory area layer 2/3,0.094117647,0.501960784,0.392156863
103,1035,1119,Supplemental somatosensory area layer 4,SSs4,,1,3,8690,378,8,1,103,/997/8/567/688/695/315/453/378/1035/,188064,0,,f,104,1509795198,734881840,Supplemental somatosensory area layer 4,0.094117647,0.501960784,0.392156863
104,1090,1126,Supplemental somatosensory area layer 5,SSs5,,1,3,8690,378,8,1,104,/997/8/567/688/695/315/453/378/1090/,188064,0,,f,105,788174312,734881840,Supplemental somatosensory area layer 5,0.094117647,0.501960784,0.392156863
105,862,956,Supplemental somatosensory area layer 6a,SSs6a,,1,3,8690,378,8,1,105,/997/8/567/688/695/315/453/378/862/,188064,0,,f,106,1835367775,734881840,Supplemental somatosensory area layer 6a,0.094117647,0.501960784,0.392156863
106,893,960,Supplemental somatosensory area layer 6b,SSs6b,,1,3,8690,378,8,1,106,/997/8/567/688/695/315/453/378/893/,188064,0,,f,107,2147483647,734881840,Supplemental somatosensory area layer 6b,0.094117647,0.501960784,0.392156863
107,1057,131,Gustatory areas,GU,,1,3,8690,315,6,1,107,/997/8/567/688/695/315/1057/,009C75,0,,f,108,722362724,734881840,Gustatory areas,0,0.611764706,0.458823529
108,36,994,Gustatory areas layer 1,GU1,,1,3,8690,1057,7,1,108,/997/8/567/688/695/315/1057/36/,009C75,0,,f,109,2147483647,734881840,Gustatory areas layer 1,0,0.611764706,0.458823529
109,180,729,Gustatory areas layer 2/3,GU2/3,,1,3,8690,1057,7,1,109,/997/8/567/688/695/315/1057/180/,009C75,0,,f,110,2147483647,734881840,Gustatory areas layer 2/3,0,0.611764706,0.458823529
110,148,1008,Gustatory areas layer 4,GU4,,1,3,8690,1057,7,1,110,/997/8/567/688/695/315/1057/148/,009C75,0,,f,111,2147483647,734881840,Gustatory areas layer 4,0,0.611764706,0.458823529
111,187,1013,Gustatory areas layer 5,GU5,,1,3,8690,1057,7,1,111,/997/8/567/688/695/315/1057/187/,009C75,0,,f,112,2147483647,734881840,Gustatory areas layer 5,0,0.611764706,0.458823529
112,638,645,Gustatory areas layer 6a,GU6a,,1,3,8690,1057,7,1,112,/997/8/567/688/695/315/1057/638/,009C75,0,,f,113,2147483647,734881840,Gustatory areas layer 6a,0,0.611764706,0.458823529
113,662,648,Gustatory areas layer 6b,GU6b,,1,3,8690,1057,7,1,113,/997/8/567/688/695/315/1057/662/,009C75,0,,f,114,1086554447,734881840,Gustatory areas layer 6b,0,0.611764706,0.458823529
114,677,367,Visceral area,VISC,,1,3,8690,315,6,1,114,/997/8/567/688/695/315/677/,11AD83,0,,f,115,2147483647,734881840,Visceral area,0.066666667,0.678431373,0.51372549
115,897,1102,Visceral area layer 1,VISC1,,1,3,8690,677,7,1,115,/997/8/567/688/695/315/677/897/,11AD83,0,,f,116,1291666049,734881840,Visceral area layer 1,0.066666667,0.678431373,0.51372549
116,1106,1128,Visceral area layer 2/3,VISC2/3,,1,3,8690,677,7,1,116,/997/8/567/688/695/315/677/1106/,11AD83,0,,f,117,1410936982,734881840,Visceral area layer 2/3,0.066666667,0.678431373,0.51372549
117,1010,1116,Visceral area layer 4,VISC4,,1,3,8690,677,7,1,117,/997/8/567/688/695/315/677/1010/,11AD83,0,,f,118,1016575502,734881840,Visceral area layer 4,0.066666667,0.678431373,0.51372549
118,1058,1122,Visceral area layer 5,VISC5,,1,3,8690,677,7,1,118,/997/8/567/688/695/315/677/1058/,11AD83,0,,f,119,1267762840,734881840,Visceral area layer 5,0.066666667,0.678431373,0.51372549
119,857,1097,Visceral area layer 6a,VISC6a,,1,3,8690,677,7,1,119,/997/8/567/688/695/315/677/857/,11AD83,0,,f,120,1023764080,734881840,Visceral area layer 6a,0.066666667,0.678431373,0.51372549
120,849,1096,Visceral area layer 6b,VISC6b,,1,3,8690,677,7,1,120,/997/8/567/688/695/315/677/849/,11AD83,0,,f,121,2147483647,734881840,Visceral area layer 6b,0.066666667,0.678431373,0.51372549
121,247,30,Auditory areas,AUD,,1,3,8690,315,6,1,121,/997/8/567/688/695/315/247/,19399,0,,f,122,2147483647,734881840,Auditory areas,0.003921569,0.576470588,0.6
122,1011,833,Dorsal auditory area,AUDd,,1,3,8690,247,7,1,122,/997/8/567/688/695/315/247/1011/,19399,0,,f,123,2147483647,734881840,Dorsal auditory area,0.003921569,0.576470588,0.6
123,527,631,Dorsal auditory area layer 1,AUDd1,,1,3,8690,1011,8,1,123,/997/8/567/688/695/315/247/1011/527/,19399,0,,f,124,2147483647,734881840,Dorsal auditory area layer 1,0.003921569,0.576470588,0.6
124,600,923,Dorsal auditory area layer 2/3,AUDd2/3,,1,3,8690,1011,8,1,124,/997/8/567/688/695/315/247/1011/600/,19399,0,,f,125,2147483647,734881840,Dorsal auditory area layer 2/3,0.003921569,0.576470588,0.6
125,678,650,Dorsal auditory area layer 4,AUDd4,,1,3,8690,1011,8,1,125,/997/8/567/688/695/315/247/1011/678/,19399,0,,f,126,2147483647,734881840,Dorsal auditory area layer 4,0.003921569,0.576470588,0.6
126,252,738,Dorsal auditory area layer 5,AUDd5,,1,3,8690,1011,8,1,126,/997/8/567/688/695/315/247/1011/252/,19399,0,,f,127,2147483647,734881840,Dorsal auditory area layer 5,0.003921569,0.576470588,0.6
127,156,1009,Dorsal auditory area layer 6a,AUDd6a,,1,3,8690,1011,8,1,127,/997/8/567/688/695/315/247/1011/156/,19399,0,,f,128,2147483647,734881840,Dorsal auditory area layer 6a,0.003921569,0.576470588,0.6
128,243,1020,Dorsal auditory area layer 6b,AUDd6b,,1,3,8690,1011,8,1,128,/997/8/567/688/695/315/247/1011/243/,19399,0,,f,129,223713961,734881840,Dorsal auditory area layer 6b,0.003921569,0.576470588,0.6
129,480149230,0,Laterolateral anterior visual area,VISlla,,1,3,8690,1011,8,1,129,/997/8/567/688/695/315/247/1011/480149230/,19399,0,,f,130,2147483647,734881840,Laterolateral anterior visual area,0.003921569,0.576470588,0.6
130,480149234,0,Laterolateral anterior visual area layer 1,VISlla1,,1,3,8690,480149230,9,1,130,/997/8/567/688/695/315/247/1011/480149230/480149234/,19399,0,,f,131,1340972930,734881840,Laterolateral anterior visual area layer 1,0.003921569,0.576470588,0.6
131,480149238,0,Laterolateral anterior visual area layer 2/3,VISlla2/3,,1,3,8690,480149230,9,1,131,/997/8/567/688/695/315/247/1011/480149230/480149238/,19399,0,,f,132,2147483647,734881840,Laterolateral anterior visual area layer 2/3,0.003921569,0.576470588,0.6
132,480149242,0,Laterolateral anterior visual area layer 4,VISlla4,,1,3,8690,480149230,9,1,132,/997/8/567/688/695/315/247/1011/480149230/480149242/,19399,0,,f,133,1065839373,734881840,Laterolateral anterior visual area layer 4,0.003921569,0.576470588,0.6
133,480149246,0,Laterolateral anterior visual arealayer 5,VISlla5,,1,3,8690,480149230,9,1,133,/997/8/567/688/695/315/247/1011/480149230/480149246/,19399,0,,f,134,2147483647,734881840,Laterolateral anterior visual arealayer 5,0.003921569,0.576470588,0.6
134,480149250,0,Laterolateral anterior visual area layer 6a,VISlla6a,,1,3,8690,480149230,9,1,134,/997/8/567/688/695/315/247/1011/480149230/480149250/,19399,0,,f,135,2147483647,734881840,Laterolateral anterior visual area layer 6a,0.003921569,0.576470588,0.6
135,480149254,0,Laterolateral anterior visual area layer 6b,VISlla6b,,1,3,8690,480149230,9,1,135,/997/8/567/688/695/315/247/1011/480149230/480149254/,19399,0,,f,136,1023833773,734881840,Laterolateral anterior visual area layer 6b,0.003921569,0.576470588,0.6
136,1002,832,Primary auditory area,AUDp,,1,3,8690,247,7,1,136,/997/8/567/688/695/315/247/1002/,19399,0,,f,137,760301534,734881840,Primary auditory area,0.003921569,0.576470588,0.6
137,735,940,Primary auditory area layer 1,AUDp1,,1,3,8690,1002,8,1,137,/997/8/567/688/695/315/247/1002/735/,19399,0,,f,138,340215110,734881840,Primary auditory area layer 1,0.003921569,0.576470588,0.6
138,251,1021,Primary auditory area layer 2/3,AUDp2/3,,1,3,8690,1002,8,1,138,/997/8/567/688/695/315/247/1002/251/,19399,0,,f,139,1321647110,734881840,Primary auditory area layer 2/3,0.003921569,0.576470588,0.6
139,816,950,Primary auditory area layer 4,AUDp4,,1,3,8690,1002,8,1,139,/997/8/567/688/695/315/247/1002/816/,19399,0,,f,140,1680716233,734881840,Primary auditory area layer 4,0.003921569,0.576470588,0.6
140,847,954,Primary auditory area layer 5,AUDp5,,1,3,8690,1002,8,1,140,/997/8/567/688/695/315/247/1002/847/,19399,0,,f,141,321552735,734881840,Primary auditory area layer 5,0.003921569,0.576470588,0.6
141,954,1109,Primary auditory area layer 6a,AUDp6a,,1,3,8690,1002,8,1,141,/997/8/567/688/695/315/247/1002/954/,19399,0,,f,142,945654628,734881840,Primary auditory area layer 6a,0.003921569,0.576470588,0.6
142,1005,1115,Primary auditory area layer 6b,AUDp6b,,1,3,8690,1002,8,1,142,/997/8/567/688/695/315/247/1002/1005/,19399,0,,f,143,2147483647,734881840,Primary auditory area layer 6b,0.003921569,0.576470588,0.6
143,1027,835,Posterior auditory area,AUDpo,,1,3,8690,247,7,1,143,/997/8/567/688/695/315/247/1027/,19399,0,,f,144,57661303,734881840,Posterior auditory area,0.003921569,0.576470588,0.6
144,696,935,Posterior auditory area layer 1,AUDpo1,,1,3,8690,1027,8,1,144,/997/8/567/688/695/315/247/1027/696/,19399,0,,f,145,235681893,734881840,Posterior auditory area layer 1,0.003921569,0.576470588,0.6
145,643,1070,Posterior auditory area layer 2/3,AUDpo2/3,,1,3,8690,1027,8,1,145,/997/8/567/688/695/315/247/1027/643/,19399,0,,f,146,2147483647,734881840,Posterior auditory area layer 2/3,0.003921569,0.576470588,0.6
146,759,943,Posterior auditory area layer 4,AUDpo4,,1,3,8690,1027,8,1,146,/997/8/567/688/695/315/247/1027/759/,19399,0,,f,147,2120666346,734881840,Posterior auditory area layer 4,0.003921569,0.576470588,0.6
147,791,947,Posterior auditory area layer 5,AUDpo5,,1,3,8690,1027,8,1,147,/997/8/567/688/695/315/247/1027/791/,19399,0,,f,148,157416572,734881840,Posterior auditory area layer 5,0.003921569,0.576470588,0.6
148,249,455,Posterior auditory area layer 6a,AUDpo6a,,1,3,8690,1027,8,1,148,/997/8/567/688/695/315/247/1027/249/,19399,0,,f,149,2147483647,734881840,Posterior auditory area layer 6a,0.003921569,0.576470588,0.6
149,456,622,Posterior auditory area layer 6b,AUDpo6b,,1,3,8690,1027,8,1,149,/997/8/567/688/695/315/247/1027/456/,19399,0,,f,150,53076177,734881840,Posterior auditory area layer 6b,0.003921569,0.576470588,0.6
150,1018,834,Ventral auditory area,AUDv,,1,3,8690,247,7,1,150,/997/8/567/688/695/315/247/1018/,19399,0,,f,151,2147483647,734881840,Ventral auditory area,0.003921569,0.576470588,0.6
151,959,968,Ventral auditory area layer 1,AUDv1,,1,3,8690,1018,8,1,151,/997/8/567/688/695/315/247/1018/959/,19399,0,,f,152,2147483647,734881840,Ventral auditory area layer 1,0.003921569,0.576470588,0.6
152,755,1084,Ventral auditory area layer 2/3,AUDv2/3,,1,3,8690,1018,8,1,152,/997/8/567/688/695/315/247/1018/755/,19399,0,,f,153,2147483647,734881840,Ventral auditory area layer 2/3,0.003921569,0.576470588,0.6
153,990,972,Ventral auditory area layer 4,AUDv4,,1,3,8690,1018,8,1,153,/997/8/567/688/695/315/247/1018/990/,19399,0,,f,154,2147483647,734881840,Ventral auditory area layer 4,0.003921569,0.576470588,0.6
154,1023,976,Ventral auditory area layer 5,AUDv5,,1,3,8690,1018,8,1,154,/997/8/567/688/695/315/247/1018/1023/,19399,0,,f,155,2147483647,734881840,Ventral auditory area layer 5,0.003921569,0.576470588,0.6
155,520,630,Ventral auditory area layer 6a,AUDv6a,,1,3,8690,1018,8,1,155,/997/8/567/688/695/315/247/1018/520/,19399,0,,f,156,2147483647,734881840,Ventral auditory area layer 6a,0.003921569,0.576470588,0.6
156,598,640,Ventral auditory area layer 6b,AUDv6b,,1,3,8690,1018,8,1,156,/997/8/567/688/695/315/247/1018/598/,19399,0,,f,157,142352995,734881840,Ventral auditory area layer 6b,0.003921569,0.576470588,0.6
157,669,366,Visual areas,VIS,,1,3,8690,315,6,1,157,/997/8/567/688/695/315/669/,08858C,0,,f,158,2147483647,734881840,Visual areas,0.031372549,0.521568627,0.549019608
158,801,1090,Visual areas layer 1,VIS1,,1,3,8690,669,7,1,158,/997/8/567/688/695/315/669/801/,08858C,0,,f,159,2147483647,734881840,Visual areas layer 1,0.031372549,0.521568627,0.549019608
159,561,1060,Visual areas layer 2/3,VIS2/3,,1,3,8690,669,7,1,159,/997/8/567/688/695/315/669/561/,08858C,0,,f,160,2147483647,734881840,Visual areas layer 2/3,0.031372549,0.521568627,0.549019608
160,913,1104,Visual areas layer 4,VIS4,,1,3,8690,669,7,1,160,/997/8/567/688/695/315/669/913/,08858C,0,,f,161,2147483647,734881840,Visual areas layer 4,0.031372549,0.521568627,0.549019608
161,937,1107,Visual areas layer 5,VIS5,,1,3,8690,669,7,1,161,/997/8/567/688/695/315/669/937/,08858C,0,,f,162,2147483647,734881840,Visual areas layer 5,0.031372549,0.521568627,0.549019608
162,457,1047,Visual areas layer 6a,VIS6a,,1,3,8690,669,7,1,162,/997/8/567/688/695/315/669/457/,08858C,0,,f,163,597515648,734881840,Visual areas layer 6a,0.031372549,0.521568627,0.549019608
163,497,1052,Visual areas layer 6b,VIS6b,,1,3,8690,669,7,1,163,/997/8/567/688/695/315/669/497/,08858C,0,,f,164,2147483647,734881840,Visual areas layer 6b,0.031372549,0.521568627,0.549019608
164,402,757,Anterolateral visual area,VISal,,1,3,8690,669,7,1,164,/997/8/567/688/695/315/669/402/,08858C,0,,f,165,1250787960,734881840,Anterolateral visual area,0.031372549,0.521568627,0.549019608
165,1074,1124,Anterolateral visual area layer 1,VISal1,,1,3,8690,402,8,1,165,/997/8/567/688/695/315/669/402/1074/,08858C,0,,f,166,2147483647,734881840,Anterolateral visual area layer 1,0.031372549,0.521568627,0.549019608
166,905,1103,Anterolateral visual area layer 2/3,VISal2/3,,1,3,8690,402,8,1,166,/997/8/567/688/695/315/669/402/905/,08858C,0,,f,167,125014447,734881840,Anterolateral visual area layer 2/3,0.031372549,0.521568627,0.549019608
167,1114,1129,Anterolateral visual area layer 4,VISal4,,1,3,8690,402,8,1,167,/997/8/567/688/695/315/669/402/1114/,08858C,0,,f,168,2147483647,734881840,Anterolateral visual area layer 4,0.031372549,0.521568627,0.549019608
168,233,453,Anterolateral visual area layer 5,VISal5,,1,3,8690,402,8,1,168,/997/8/567/688/695/315/669/402/233/,08858C,0,,f,169,2147483647,734881840,Anterolateral visual area layer 5,0.031372549,0.521568627,0.549019608
169,601,1065,Anterolateral visual area layer 6a,VISal6a,,1,3,8690,402,8,1,169,/997/8/567/688/695/315/669/402/601/,08858C,0,,f,170,2147483647,734881840,Anterolateral visual area layer 6a,0.031372549,0.521568627,0.549019608
170,649,1071,Anterolateral visual area layer 6b,VISal6b,,1,3,8690,402,8,1,170,/997/8/567/688/695/315/669/402/649/,08858C,0,,f,171,2101231160,734881840,Anterolateral visual area layer 6b,0.031372549,0.521568627,0.549019608
171,394,756,Anteromedial visual area,VISam,,1,3,8690,669,7,1,171,/997/8/567/688/695/315/669/394/,08858C,0,,f,172,1045871632,734881840,Anteromedial visual area,0.031372549,0.521568627,0.549019608
172,281,1025,Anteromedial visual area layer 1,VISam1,,1,3,8690,394,8,1,172,/997/8/567/688/695/315/669/394/281/,08858C,0,,f,173,660054922,734881840,Anteromedial visual area layer 1,0.031372549,0.521568627,0.549019608
173,1066,1123,Anteromedial visual area layer 2/3,VISam2/3,,1,3,8690,394,8,1,173,/997/8/567/688/695/315/669/394/1066/,08858C,0,,f,174,1625313305,734881840,Anteromedial visual area layer 2/3,0.031372549,0.521568627,0.549019608
174,401,1040,Anteromedial visual area layer 4,VISam4,,1,3,8690,394,8,1,174,/997/8/567/688/695/315/669/394/401/,08858C,0,,f,175,1463637765,734881840,Anteromedial visual area layer 4,0.031372549,0.521568627,0.549019608
175,433,1044,Anteromedial visual area layer 5,VISam5,,1,3,8690,394,8,1,175,/997/8/567/688/695/315/669/394/433/,08858C,0,,f,176,540698515,734881840,Anteromedial visual area layer 5,0.031372549,0.521568627,0.549019608
176,1046,696,Anteromedial visual area layer 6a,VISam6a,,1,3,8690,394,8,1,176,/997/8/567/688/695/315/669/394/1046/,08858C,0,,f,177,2147483647,734881840,Anteromedial visual area layer 6a,0.031372549,0.521568627,0.549019608
177,441,762,Anteromedial visual area layer 6b,VISam6b,,1,3,8690,394,8,1,177,/997/8/567/688/695/315/669/394/441/,08858C,0,,f,178,867517603,734881840,Anteromedial visual area layer 6b,0.031372549,0.521568627,0.549019608
178,409,758,Lateral visual area,VISl,,1,3,8690,669,7,1,178,/997/8/567/688/695/315/669/409/,08858C,0,,f,179,1805245805,734881840,Lateral visual area,0.031372549,0.521568627,0.549019608
179,421,618,Lateral visual area layer 1,VISl1,,1,3,8690,409,8,1,179,/997/8/567/688/695/315/669/409/421/,08858C,0,,f,180,764316736,734881840,Lateral visual area layer 1,0.031372549,0.521568627,0.549019608
180,973,687,Lateral visual area layer 2/3,VISl2/3,,1,3,8690,409,8,1,180,/997/8/567/688/695/315/669/409/973/,08858C,0,,f,181,2147483647,734881840,Lateral visual area layer 2/3,0.031372549,0.521568627,0.549019608
181,573,637,Lateral visual area layer 4,VISl4,,1,3,8690,409,8,1,181,/997/8/567/688/695/315/669/409/573/,08858C,0,,f,182,1575254223,734881840,Lateral visual area layer 4,0.031372549,0.521568627,0.549019608
182,613,642,Lateral visual area layer 5,VISl5,,1,3,8690,409,8,1,182,/997/8/567/688/695/315/669/409/613/,08858C,0,,f,183,719538265,734881840,Lateral visual area layer 5,0.031372549,0.521568627,0.549019608
183,74,999,Lateral visual area layer 6a,VISl6a,,1,3,8690,409,8,1,183,/997/8/567/688/695/315/669/409/74/,08858C,0,,f,184,2147483647,734881840,Lateral visual area layer 6a,0.031372549,0.521568627,0.549019608
184,121,1005,Lateral visual area layer 6b,VISl6b,,1,3,8690,409,8,1,184,/997/8/567/688/695/315/669/409/121/,08858C,0,,f,185,1208923682,734881840,Lateral visual area layer 6b,0.031372549,0.521568627,0.549019608
185,385,755,Primary visual area,VISp,,1,3,8690,669,7,1,185,/997/8/567/688/695/315/669/385/,08858C,0,,f,186,2147483647,734881840,Primary visual area,0.031372549,0.521568627,0.549019608
186,593,1064,Primary visual area layer 1,VISp1,,1,3,8690,385,8,1,186,/997/8/567/688/695/315/669/385/593/,08858C,0,,f,187,1371845489,734881840,Primary visual area layer 1,0.031372549,0.521568627,0.549019608
187,821,951,Primary visual area layer 2/3,VISp2/3,,1,3,8690,385,8,1,187,/997/8/567/688/695/315/669/385/821/,08858C,0,,f,188,2147483647,734881840,Primary visual area layer 2/3,0.031372549,0.521568627,0.549019608
188,721,1080,Primary visual area layer 4,VISp4,,1,3,8690,385,8,1,188,/997/8/567/688/695/315/669/385/721/,08858C,0,,f,189,565069822,734881840,Primary visual area layer 4,0.031372549,0.521568627,0.549019608
189,778,1087,Primary visual area layer 5,VISp5,,1,3,8690,385,8,1,189,/997/8/567/688/695/315/669/385/778/,08858C,0,,f,190,1453946728,734881840,Primary visual area layer 5,0.031372549,0.521568627,0.549019608
190,33,428,Primary visual area layer 6a,VISp6a,,1,3,8690,385,8,1,190,/997/8/567/688/695/315/669/385/33/,08858C,0,,f,191,2147483647,734881840,Primary visual area layer 6a,0.031372549,0.521568627,0.549019608
191,305,462,Primary visual area layer 6b,VISp6b,,1,3,8690,385,8,1,191,/997/8/567/688/695/315/669/385/305/,08858C,0,,f,192,430767143,734881840,Primary visual area layer 6b,0.031372549,0.521568627,0.549019608
192,425,760,Posterolateral visual area,VISpl,,1,3,8690,669,7,1,192,/997/8/567/688/695/315/669/425/,08858C,0,,f,193,2147483647,734881840,Posterolateral visual area,0.031372549,0.521568627,0.549019608
193,750,942,Posterolateral visual area layer 1,VISpl1,,1,3,8690,425,8,1,193,/997/8/567/688/695/315/669/425/750/,08858C,0,,f,194,2147483647,734881840,Posterolateral visual area layer 1,0.031372549,0.521568627,0.549019608
194,269,882,Posterolateral visual area layer 2/3,VISpl2/3,,1,3,8690,425,8,1,194,/997/8/567/688/695/315/669/425/269/,08858C,0,,f,195,1134773183,734881840,Posterolateral visual area layer 2/3,0.031372549,0.521568627,0.549019608
195,869,957,Posterolateral visual area layer 4,VISpl4,,1,3,8690,425,8,1,195,/997/8/567/688/695/315/669/425/869/,08858C,0,,f,196,2147483647,734881840,Posterolateral visual area layer 4,0.031372549,0.521568627,0.549019608
196,902,961,Posterolateral visual area layer 5,VISpl5,,1,3,8690,425,8,1,196,/997/8/567/688/695/315/669/425/902/,08858C,0,,f,197,2147483647,734881840,Posterolateral visual area layer 5,0.031372549,0.521568627,0.549019608
197,377,1037,Posterolateral visual area layer 6a,VISpl6a,,1,3,8690,425,8,1,197,/997/8/567/688/695/315/669/425/377/,08858C,0,,f,198,818416878,734881840,Posterolateral visual area layer 6a,0.031372549,0.521568627,0.549019608
198,393,1039,Posterolateral visual area layer 6b,VISpl6b,,1,3,8690,425,8,1,198,/997/8/567/688/695/315/669/425/393/,08858C,0,,f,199,2147483647,734881840,Posterolateral visual area layer 6b,0.031372549,0.521568627,0.549019608
199,533,915,posteromedial visual area,VISpm,,1,3,8690,669,7,1,199,/997/8/567/688/695/315/669/533/,08858C,0,,f,200,558797901,734881840,posteromedial visual area,0.031372549,0.521568627,0.549019608
200,805,383,posteromedial visual area layer 1,VISpm1,,1,3,8690,533,8,1,200,/997/8/567/688/695/315/669/533/805/,08858C,0,,f,201,403944131,734881840,posteromedial visual area layer 1,0.031372549,0.521568627,0.549019608
201,41,995,posteromedial visual area layer 2/3,VISpm2/3,,1,3,8690,533,8,1,201,/997/8/567/688/695/315/669/533/41/,08858C,0,,f,202,736869347,734881840,posteromedial visual area layer 2/3,0.031372549,0.521568627,0.549019608
202,501,628,posteromedial visual area layer 4,VISpm4,,1,3,8690,533,8,1,202,/997/8/567/688/695/315/669/533/501/,08858C,0,,f,203,1752778316,734881840,posteromedial visual area layer 4,0.031372549,0.521568627,0.549019608
203,565,636,posteromedial visual area layer 5,VISpm5,,1,3,8690,533,8,1,203,/997/8/567/688/695/315/669/533/565/,08858C,0,,f,204,528381658,734881840,posteromedial visual area layer 5,0.031372549,0.521568627,0.549019608
204,257,456,posteromedial visual area layer 6a,VISpm6a,,1,3,8690,533,8,1,204,/997/8/567/688/695/315/669/533/257/,08858C,0,,f,205,2147483647,734881840,posteromedial visual area layer 6a,0.031372549,0.521568627,0.549019608
205,469,624,posteromedial visual area layer 6b,VISpm6b,,1,3,8690,533,8,1,205,/997/8/567/688/695/315/669/533/469/,08858C,0,,f,206,1015740806,734881840,posteromedial visual area layer 6b,0.031372549,0.521568627,0.549019608
206,312782574,0,Laterointermediate area,VISli,,1,3,8690,669,7,1,206,/997/8/567/688/695/315/669/312782574/,08858C,0,,f,207,2147483647,734881840,Laterointermediate area,0.031372549,0.521568627,0.549019608
207,312782578,0,Laterointermediate area layer 1,VISli1,,1,3,8690,312782574,8,1,207,/997/8/567/688/695/315/669/312782574/312782578/,08858C,0,,f,208,2147483647,734881840,Laterointermediate area layer 1,0.031372549,0.521568627,0.549019608
208,312782582,0,Laterointermediate area layer 2/3,VISli2/3,,1,3,8690,312782574,8,1,208,/997/8/567/688/695/315/669/312782574/312782582/,08858C,0,,f,209,2147483647,734881840,Laterointermediate area layer 2/3,0.031372549,0.521568627,0.549019608
209,312782586,0,Laterointermediate area layer 4,VISli4,,1,3,8690,312782574,8,1,209,/997/8/567/688/695/315/669/312782574/312782586/,08858C,0,,f,210,2147483647,734881840,Laterointermediate area layer 4,0.031372549,0.521568627,0.549019608
210,312782590,0,Laterointermediate area layer 5,VISli5,,1,3,8690,312782574,8,1,210,/997/8/567/688/695/315/669/312782574/312782590/,08858C,0,,f,211,2147483647,734881840,Laterointermediate area layer 5,0.031372549,0.521568627,0.549019608
211,312782594,0,Laterointermediate area layer 6a,VISli6a,,1,3,8690,312782574,8,1,211,/997/8/567/688/695/315/669/312782574/312782594/,08858C,0,,f,212,1906631730,734881840,Laterointermediate area layer 6a,0.031372549,0.521568627,0.549019608
212,312782598,0,Laterointermediate area layer 6b,VISli6b,,1,3,8690,312782574,8,1,212,/997/8/567/688/695/315/669/312782574/312782598/,08858C,0,,f,213,2147483647,734881840,Laterointermediate area layer 6b,0.031372549,0.521568627,0.549019608
213,312782628,0,Postrhinal area,VISpor,,1,3,8690,669,7,1,213,/997/8/567/688/695/315/669/312782628/,08858C,0,,f,214,2147483647,734881840,Postrhinal area,0.031372549,0.521568627,0.549019608
214,312782632,0,Postrhinal area layer 1,VISpor1,,1,3,8690,312782628,8,1,214,/997/8/567/688/695/315/669/312782628/312782632/,08858C,0,,f,215,1476324402,734881840,Postrhinal area layer 1,0.031372549,0.521568627,0.549019608
215,312782636,0,Postrhinal area layer 2/3,VISpor2/3,,1,3,8690,312782628,8,1,215,/997/8/567/688/695/315/669/312782628/312782636/,08858C,0,,f,216,2147483647,734881840,Postrhinal area layer 2/3,0.031372549,0.521568627,0.549019608
216,312782640,0,Postrhinal area layer 4,VISpor4,,1,3,8690,312782628,8,1,216,/997/8/567/688/695/315/669/312782628/312782640/,08858C,0,,f,217,664017085,734881840,Postrhinal area layer 4,0.031372549,0.521568627,0.549019608
217,312782644,0,Postrhinal area layer 5,VISpor5,,1,3,8690,312782628,8,1,217,/997/8/567/688/695/315/669/312782628/312782644/,08858C,0,,f,218,1351821355,734881840,Postrhinal area layer 5,0.031372549,0.521568627,0.549019608
218,312782648,0,Postrhinal area layer 6a,VISpor6a,,1,3,8690,312782628,8,1,218,/997/8/567/688/695/315/669/312782628/312782648/,08858C,0,,f,219,1870039016,734881840,Postrhinal area layer 6a,0.031372549,0.521568627,0.549019608
219,312782652,0,Postrhinal area layer 6b,VISpor6b,,1,3,8690,312782628,8,1,219,/997/8/567/688/695/315/669/312782628/312782652/,08858C,0,,f,220,2147483647,734881840,Postrhinal area layer 6b,0.031372549,0.521568627,0.549019608
220,31,3,Anterior cingulate area,ACA,,1,3,8690,315,6,1,220,/997/8/567/688/695/315/31/,40A666,0,,f,221,758743580,734881840,Anterior cingulate area,0.250980392,0.650980392,0.4
221,572,1061,Anterior cingulate area layer 1,ACA1,,1,3,8690,31,7,1,221,/997/8/567/688/695/315/31/572/,40A666,0,,f,222,1447442455,734881840,Anterior cingulate area layer 1,0.250980392,0.650980392,0.4
222,1053,1121,Anterior cingulate area layer 2/3,ACA2/3,,1,3,8690,31,7,1,222,/997/8/567/688/695/315/31/1053/,40A666,0,,f,223,2147483647,734881840,Anterior cingulate area layer 2/3,0.250980392,0.650980392,0.4
223,739,1082,Anterior cingulate area layer 5,ACA5,,1,3,8690,31,7,1,223,/997/8/567/688/695/315/31/739/,40A666,0,,f,224,1361837070,734881840,Anterior cingulate area layer 5,0.250980392,0.650980392,0.4
224,179,1012,Anterior cingulate area layer 6a,ACA6a,,1,3,8690,31,7,1,224,/997/8/567/688/695/315/31/179/,40A666,0,,f,225,611576699,734881840,Anterior cingulate area layer 6a,0.250980392,0.650980392,0.4
225,227,1018,Anterior cingulate area layer 6b,ACA6b,,1,3,8690,31,7,1,225,/997/8/567/688/695/315/31/227/,40A666,0,,f,226,2147483647,734881840,Anterior cingulate area layer 6b,0.250980392,0.650980392,0.4
226,39,4,Anterior cingulate area dorsal part,ACAd,,1,3,8690,31,7,1,226,/997/8/567/688/695/315/31/39/,40A666,0,,f,227,1697985147,734881840,Anterior cingulate area dorsal part,0.250980392,0.650980392,0.4
227,935,965,Anterior cingulate area dorsal part layer 1,ACAd1,,1,3,8690,39,8,1,227,/997/8/567/688/695/315/31/39/935/,40A666,0,,f,228,2147483647,734881840,Anterior cingulate area dorsal part layer 1,0.250980392,0.650980392,0.4
228,211,1016,Anterior cingulate area dorsal part layer 2/3,ACAd2/3,,1,3,8690,39,8,1,228,/997/8/567/688/695/315/31/39/211/,40A666,0,,f,229,2147483647,734881840,Anterior cingulate area dorsal part layer 2/3,0.250980392,0.650980392,0.4
229,1015,975,Anterior cingulate area dorsal part layer 5,ACAd5,,1,3,8690,39,8,1,229,/997/8/567/688/695/315/31/39/1015/,40A666,0,,f,230,2147483647,734881840,Anterior cingulate area dorsal part layer 5,0.250980392,0.650980392,0.4
230,919,963,Anterior cingulate area dorsal part layer 6a,ACAd6a,,1,3,8690,39,8,1,230,/997/8/567/688/695/315/31/39/919/,40A666,0,,f,231,2147483647,734881840,Anterior cingulate area dorsal part layer 6a,0.250980392,0.650980392,0.4
231,927,964,Anterior cingulate area dorsal part layer 6b,ACAd6b,,1,3,8690,39,8,1,231,/997/8/567/688/695/315/31/39/927/,40A666,0,,f,232,1998938750,734881840,Anterior cingulate area dorsal part layer 6b,0.250980392,0.650980392,0.4
232,48,5,Anterior cingulate area ventral part,ACAv,,1,3,8690,31,7,1,232,/997/8/567/688/695/315/31/48/,40A666,0,,f,233,1783773415,734881840,Anterior cingulate area ventral part,0.250980392,0.650980392,0.4
233,588,1063,Anterior cingulate area ventral part layer 1,ACAv1,,1,3,8690,48,8,1,233,/997/8/567/688/695/315/31/48/588/,40A666,0,,f,234,2147483647,734881840,Anterior cingulate area ventral part layer 1,0.250980392,0.650980392,0.4
234,296,885,Anterior cingulate area ventral part layer 2/3,ACAv2/3,,1,3,8690,48,8,1,234,/997/8/567/688/695/315/31/48/296/,40A666,0,,f,235,2147483647,734881840,Anterior cingulate area ventral part layer 2/3,0.250980392,0.650980392,0.4
235,772,1086,Anterior cingulate area ventral part layer 5,ACAv5,,1,3,8690,48,8,1,235,/997/8/567/688/695/315/31/48/772/,40A666,0,,f,236,2147483647,734881840,Anterior cingulate area ventral part layer 5,0.250980392,0.650980392,0.4
236,810,1091,Anterior cingulate area ventral part 6a,ACAv6a,,1,3,8690,48,8,1,236,/997/8/567/688/695/315/31/48/810/,40A666,0,,f,237,1257379109,734881840,Anterior cingulate area ventral part 6a,0.250980392,0.650980392,0.4
237,819,1092,Anterior cingulate area ventral part 6b,ACAv6b,,1,3,8690,48,8,1,237,/997/8/567/688/695/315/31/48/819/,40A666,0,,f,238,2147483647,734881840,Anterior cingulate area ventral part 6b,0.250980392,0.650980392,0.4
238,972,262,Prelimbic area,PL,,1,3,8690,315,6,1,238,/997/8/567/688/695/315/972/,2FA850,0,,f,239,1936208719,734881840,Prelimbic area,0.184313725,0.658823529,0.31372549
239,171,1011,Prelimbic area layer 1,PL1,,1,3,8690,972,7,1,239,/997/8/567/688/695/315/972/171/,2FA850,0,,f,240,1260135134,734881840,Prelimbic area layer 1,0.184313725,0.658823529,0.31372549
240,195,1014,Prelimbic area layer 2,PL2,,1,3,8690,972,7,1,240,/997/8/567/688/695/315/972/195/,2FA850,0,,f,241,2147483647,734881840,Prelimbic area layer 2,0.184313725,0.658823529,0.31372549
241,304,886,Prelimbic area layer 2/3,PL2/3,,1,3,8690,972,7,1,241,/997/8/567/688/695/315/972/304/,2FA850,0,,f,242,612898740,734881840,Prelimbic area layer 2/3,0.184313725,0.658823529,0.31372549
242,363,1035,Prelimbic area layer 5,PL5,,1,3,8690,972,7,1,242,/997/8/567/688/695/315/972/363/,2FA850,0,,f,243,1282533063,734881840,Prelimbic area layer 5,0.184313725,0.658823529,0.31372549
243,84,1000,Prelimbic area layer 6a,PL6a,,1,3,8690,972,7,1,243,/997/8/567/688/695/315/972/84/,2FA850,0,,f,244,2147483647,734881840,Prelimbic area layer 6a,0.184313725,0.658823529,0.31372549
244,132,1006,Prelimbic area layer 6b,PL6b,,1,3,8690,972,7,1,244,/997/8/567/688/695/315/972/132/,2FA850,0,,f,245,1608489679,734881840,Prelimbic area layer 6b,0.184313725,0.658823529,0.31372549
245,44,146,Infralimbic area,ILA,,1,3,8690,315,6,1,245,/997/8/567/688/695/315/44/,59B363,0,,f,246,1110609938,734881840,Infralimbic area,0.349019608,0.701960784,0.388235294
246,707,1078,Infralimbic area layer 1,ILA1,,1,3,8690,44,7,1,246,/997/8/567/688/695/315/44/707/,59B363,0,,f,247,2147483647,734881840,Infralimbic area layer 1,0.349019608,0.701960784,0.388235294
247,747,1083,Infralimbic area layer 2,ILA2,,1,3,8690,44,7,1,247,/997/8/567/688/695/315/44/747/,59B363,0,,f,248,1528948263,734881840,Infralimbic area layer 2,0.349019608,0.701960784,0.388235294
248,556,1059,Infralimbic area layer 2/3,ILA2/3,,1,3,8690,44,7,1,248,/997/8/567/688/695/315/44/556/,59B363,0,,f,249,2142889357,734881840,Infralimbic area layer 2/3,0.349019608,0.701960784,0.388235294
249,827,1093,Infralimbic area layer 5,ILA5,,1,3,8690,44,7,1,249,/997/8/567/688/695/315/44/827/,59B363,0,,f,250,2147483647,734881840,Infralimbic area layer 5,0.349019608,0.701960784,0.388235294
250,1054,980,Infralimbic area layer 6a,ILA6a,,1,3,8690,44,7,1,250,/997/8/567/688/695/315/44/1054/,59B363,0,,f,251,696971210,734881840,Infralimbic area layer 6a,0.349019608,0.701960784,0.388235294
251,1081,983,Infralimbic area layer 6b,ILA6b,,1,3,8690,44,7,1,251,/997/8/567/688/695/315/44/1081/,59B363,0,,f,252,2147483647,734881840,Infralimbic area layer 6b,0.349019608,0.701960784,0.388235294
252,714,230,Orbital area,ORB,,1,3,8690,315,6,1,252,/997/8/567/688/695/315/714/,248A5E,0,,f,253,2147483647,734881840,Orbital area,0.141176471,0.541176471,0.368627451
253,264,881,Orbital area layer 1,ORB1,,1,3,8690,714,7,1,253,/997/8/567/688/695/315/714/264/,248A5E,0,,f,254,737328270,734881840,Orbital area layer 1,0.141176471,0.541176471,0.368627451
254,492,1051,Orbital area layer 2/3,ORB2/3,,1,3,8690,714,7,1,254,/997/8/567/688/695/315/714/492/,248A5E,0,,f,255,2147483647,734881840,Orbital area layer 2/3,0.141176471,0.541176471,0.368627451
255,352,892,Orbital area layer 5,ORB5,,1,3,8690,714,7,1,255,/997/8/567/688/695/315/714/352/,248A5E,0,,f,256,748648599,734881840,Orbital area layer 5,0.141176471,0.541176471,0.368627451
256,476,1049,Orbital area layer 6a,ORB6a,,1,3,8690,714,7,1,256,/997/8/567/688/695/315/714/476/,248A5E,0,,f,257,2147483647,734881840,Orbital area layer 6a,0.141176471,0.541176471,0.368627451
257,516,1054,Orbital area layer 6b,ORB6b,,1,3,8690,714,7,1,257,/997/8/567/688/695/315/714/516/,248A5E,0,,f,258,886318501,734881840,Orbital area layer 6b,0.141176471,0.541176471,0.368627451
258,723,231,Orbital area lateral part,ORBl,,1,3,8690,714,7,1,258,/997/8/567/688/695/315/714/723/,248A5E,0,,f,259,1366834321,734881840,Orbital area lateral part,0.141176471,0.541176471,0.368627451
259,448,621,Orbital area lateral part layer 1,ORBl1,,1,3,8690,723,8,1,259,/997/8/567/688/695/315/714/723/448/,248A5E,0,,f,260,370428134,734881840,Orbital area lateral part layer 1,0.141176471,0.541176471,0.368627451
260,412,1041,Orbital area lateral part layer 2/3,ORBl2/3,,1,3,8690,723,8,1,260,/997/8/567/688/695/315/714/723/412/,248A5E,0,,f,261,2147483647,734881840,Orbital area lateral part layer 2/3,0.141176471,0.541176471,0.368627451
261,630,644,Orbital area lateral part layer 5,ORBl5,,1,3,8690,723,8,1,261,/997/8/567/688/695/315/714/723/630/,248A5E,0,,f,262,293178623,734881840,Orbital area lateral part layer 5,0.141176471,0.541176471,0.368627451
262,440,620,Orbital area lateral part layer 6a,ORBl6a,,1,3,8690,723,8,1,262,/997/8/567/688/695/315/714/723/440/,248A5E,0,,f,263,2147483647,734881840,Orbital area lateral part layer 6a,0.141176471,0.541176471,0.368627451
263,488,626,Orbital area lateral part layer 6b,ORBl6b,,1,3,8690,723,8,1,263,/997/8/567/688/695/315/714/723/488/,248A5E,0,,f,264,2004888123,734881840,Orbital area lateral part layer 6b,0.141176471,0.541176471,0.368627451
264,731,232,Orbital area medial part,ORBm,,1,3,8690,714,7,1,264,/997/8/567/688/695/315/714/731/,248A5E,0,,f,265,2147483647,734881840,Orbital area medial part,0.141176471,0.541176471,0.368627451
265,484,1050,Orbital area medial part layer 1,ORBm1,,1,3,8690,731,8,1,265,/997/8/567/688/695/315/714/731/484/,248A5E,0,,f,266,1842613794,734881840,Orbital area medial part layer 1,0.141176471,0.541176471,0.368627451
266,524,1055,Orbital area medial part layer 2,ORBm2,,1,3,8690,731,8,1,266,/997/8/567/688/695/315/714/731/524/,248A5E,0,,f,267,2147483647,734881840,Orbital area medial part layer 2,0.141176471,0.541176471,0.368627451
267,582,638,Orbital area medial part layer 2/3,ORBm2/3,,1,3,8690,731,8,1,267,/997/8/567/688/695/315/714/731/582/,248A5E,0,,f,268,2147483647,734881840,Orbital area medial part layer 2/3,0.141176471,0.541176471,0.368627451
268,620,1067,Orbital area medial part layer 5,ORBm5,,1,3,8690,731,8,1,268,/997/8/567/688/695/315/714/731/620/,248A5E,0,,f,269,1790560827,734881840,Orbital area medial part layer 5,0.141176471,0.541176471,0.368627451
269,910,962,Orbital area medial part layer 6a,ORBm6a,,1,3,8690,731,8,1,269,/997/8/567/688/695/315/714/731/910/,248A5E,0,,f,270,1929100654,734881840,Orbital area medial part layer 6a,0.141176471,0.541176471,0.368627451
270,527696977,0,Orbital area medial part layer 6b,ORBm6b,,1,3,8690,731,8,1,270,/997/8/567/688/695/315/714/731/527696977/,248A5E,0,,f,271,2147483647,734881840,Orbital area medial part layer 6b,0.141176471,0.541176471,0.368627451
271,738,233,Orbital area ventral part,ORBv,,1,3,8690,714,7,1,271,/997/8/567/688/695/315/714/738/,248A5E,0,,f,272,2147483647,734881840,Orbital area ventral part,0.141176471,0.541176471,0.368627451
272,746,234,Orbital area ventrolateral part,ORBvl,,1,3,8690,714,7,1,272,/997/8/567/688/695/315/714/746/,248A5E,0,,f,273,981615620,734881840,Orbital area ventrolateral part,0.141176471,0.541176471,0.368627451
273,969,1111,Orbital area ventrolateral part layer 1,ORBvl1,,1,3,8690,746,8,1,273,/997/8/567/688/695/315/714/746/969/,248A5E,0,,f,274,2147483647,734881840,Orbital area ventrolateral part layer 1,0.141176471,0.541176471,0.368627451
274,288,884,Orbital area ventrolateral part layer 2/3,ORBvl2/3,,1,3,8690,746,8,1,274,/997/8/567/688/695/315/714/746/288/,248A5E,0,,f,275,361975036,734881840,Orbital area ventrolateral part layer 2/3,0.141176471,0.541176471,0.368627451
275,1125,1130,Orbital area ventrolateral part layer 5,ORBvl5,,1,3,8690,746,8,1,275,/997/8/567/688/695/315/714/746/1125/,248A5E,0,,f,276,2147483647,734881840,Orbital area ventrolateral part layer 5,0.141176471,0.541176471,0.368627451
276,608,924,Orbital area ventrolateral part layer 6a,ORBvl6a,,1,3,8690,746,8,1,276,/997/8/567/688/695/315/714/746/608/,248A5E,0,,f,277,2147483647,734881840,Orbital area ventrolateral part layer 6a,0.141176471,0.541176471,0.368627451
277,680,933,Orbital area ventrolateral part layer 6b,ORBvl6b,,1,3,8690,746,8,1,277,/997/8/567/688/695/315/714/746/680/,248A5E,0,,f,278,705314145,734881840,Orbital area ventrolateral part layer 6b,0.141176471,0.541176471,0.368627451
278,95,11,Agranular insular area,AI,,1,3,8690,315,6,1,278,/997/8/567/688/695/315/95/,219866,0,,f,279,2147483647,734881840,Agranular insular area,0.129411765,0.596078431,0.4
279,104,12,Agranular insular area dorsal part,AId,,1,3,8690,95,7,1,279,/997/8/567/688/695/315/95/104/,219866,0,,f,280,289370996,734881840,Agranular insular area dorsal part,0.129411765,0.596078431,0.4
280,996,1114,Agranular insular area dorsal part layer 1,AId1,,1,3,8690,104,8,1,280,/997/8/567/688/695/315/95/104/996/,219866,0,,f,281,633930990,734881840,Agranular insular area dorsal part layer 1,0.129411765,0.596078431,0.4
281,328,889,Agranular insular area dorsal part layer 2/3,AId2/3,,1,3,8690,104,8,1,281,/997/8/567/688/695/315/95/104/328/,219866,0,,f,282,700697199,734881840,Agranular insular area dorsal part layer 2/3,0.129411765,0.596078431,0.4
282,1101,1127,Agranular insular area dorsal part layer 5,AId5,,1,3,8690,104,8,1,282,/997/8/567/688/695/315/95/104/1101/,219866,0,,f,283,581222647,734881840,Agranular insular area dorsal part layer 5,0.129411765,0.596078431,0.4
283,783,946,Agranular insular area dorsal part layer 6a,AId6a,,1,3,8690,104,8,1,283,/997/8/567/688/695/315/95/104/783/,219866,0,,f,284,2147483647,734881840,Agranular insular area dorsal part layer 6a,0.129411765,0.596078431,0.4
284,831,952,Agranular insular area dorsal part layer 6b,AId6b,,1,3,8690,104,8,1,284,/997/8/567/688/695/315/95/104/831/,219866,0,,f,285,2036891461,734881840,Agranular insular area dorsal part layer 6b,0.129411765,0.596078431,0.4
285,111,13,Agranular insular area posterior part,AIp,,1,3,8690,95,7,1,285,/997/8/567/688/695/315/95/111/,219866,0,,f,286,1382517995,734881840,Agranular insular area posterior part,0.129411765,0.596078431,0.4
286,120,863,Agranular insular area posterior part layer 1,AIp1,,1,3,8690,111,8,1,286,/997/8/567/688/695/315/95/111/120/,219866,0,,f,287,2147483647,734881840,Agranular insular area posterior part layer 1,0.129411765,0.596078431,0.4
287,163,1010,Agranular insular area posterior part layer 2/3,AIp2/3,,1,3,8690,111,8,1,287,/997/8/567/688/695/315/95/111/163/,219866,0,,f,288,2147483647,734881840,Agranular insular area posterior part layer 2/3,0.129411765,0.596078431,0.4
288,344,891,Agranular insular area posterior part layer 5,AIp5,,1,3,8690,111,8,1,288,/997/8/567/688/695/315/95/111/344/,219866,0,,f,289,2147483647,734881840,Agranular insular area posterior part layer 5,0.129411765,0.596078431,0.4
289,314,1029,Agranular insular area posterior part layer 6a,AIp6a,,1,3,8690,111,8,1,289,/997/8/567/688/695/315/95/111/314/,219866,0,,f,290,1257274084,734881840,Agranular insular area posterior part layer 6a,0.129411765,0.596078431,0.4
290,355,1034,Agranular insular area posterior part layer 6b,AIp6b,,1,3,8690,111,8,1,290,/997/8/567/688/695/315/95/111/355/,219866,0,,f,291,2147483647,734881840,Agranular insular area posterior part layer 6b,0.129411765,0.596078431,0.4
291,119,14,Agranular insular area ventral part,AIv,,1,3,8690,95,7,1,291,/997/8/567/688/695/315/95/119/,219866,0,,f,292,2147483647,734881840,Agranular insular area ventral part,0.129411765,0.596078431,0.4
292,704,936,Agranular insular area ventral part layer 1,AIv1,,1,3,8690,119,8,1,292,/997/8/567/688/695/315/95/119/704/,219866,0,,f,293,2147483647,734881840,Agranular insular area ventral part layer 1,0.129411765,0.596078431,0.4
293,694,652,Agranular insular area ventral part layer 2/3,AIv2/3,,1,3,8690,119,8,1,293,/997/8/567/688/695/315/95/119/694/,219866,0,,f,294,2147483647,734881840,Agranular insular area ventral part layer 2/3,0.129411765,0.596078431,0.4
294,800,948,Agranular insular area ventral part layer 5,AIv5,,1,3,8690,119,8,1,294,/997/8/567/688/695/315/95/119/800/,219866,0,,f,295,2147483647,734881840,Agranular insular area ventral part layer 5,0.129411765,0.596078431,0.4
295,675,1074,Agranular insular area ventral part layer 6a,AIv6a,,1,3,8690,119,8,1,295,/997/8/567/688/695/315/95/119/675/,219866,0,,f,296,1561328289,734881840,Agranular insular area ventral part layer 6a,0.129411765,0.596078431,0.4
296,699,1077,Agranular insular area ventral part layer 6b,AIv6b,,1,3,8690,119,8,1,296,/997/8/567/688/695/315/95/119/699/,219866,0,,f,297,2147483647,734881840,Agranular insular area ventral part layer 6b,0.129411765,0.596078431,0.4
297,254,314,Retrosplenial area,RSP,,1,3,8690,315,6,1,297,/997/8/567/688/695/315/254/,1AA698,0,,f,298,2130272923,734881840,Retrosplenial area,0.101960784,0.650980392,0.596078431
298,894,394,Retrosplenial area lateral agranular part,RSPagl,,1,3,8690,254,7,1,298,/997/8/567/688/695/315/254/894/,1AA698,0,,f,299,2147483647,734881840,Retrosplenial area lateral agranular part,0.101960784,0.650980392,0.596078431
299,671,932,Retrosplenial area lateral agranular part layer 1,RSPagl1,,1,3,8690,894,8,1,299,/997/8/567/688/695/315/254/894/671/,1AA698,0,,f,300,149448588,734881840,Retrosplenial area lateral agranular part layer 1,0.101960784,0.650980392,0.596078431
300,965,969,Retrosplenial area lateral agranular part layer 2/3,RSPagl2/3,,1,3,8690,894,8,1,300,/997/8/567/688/695/315/254/894/965/,1AA698,0,,f,301,2147483647,734881840,Retrosplenial area lateral agranular part layer 2/3,0.101960784,0.650980392,0.596078431
301,774,945,Retrosplenial area lateral agranular part layer 5,RSPagl5,,1,3,8690,894,8,1,301,/997/8/567/688/695/315/254/894/774/,1AA698,0,,f,302,260416405,734881840,Retrosplenial area lateral agranular part layer 5,0.101960784,0.650980392,0.596078431
302,906,820,Retrosplenial area lateral agranular part layer 6a,RSPagl6a,,1,3,8690,894,8,1,302,/997/8/567/688/695/315/254/894/906/,1AA698,0,,f,303,1139806184,734881840,Retrosplenial area lateral agranular part layer 6a,0.101960784,0.650980392,0.596078431
303,279,883,Retrosplenial area lateral agranular part layer 6b,RSPagl6b,,1,3,8690,894,8,1,303,/997/8/567/688/695/315/254/894/279/,1AA698,0,,f,304,2147483647,734881840,Retrosplenial area lateral agranular part layer 6b,0.101960784,0.650980392,0.596078431
304,480149258,0,Mediomedial anterior visual area,VISmma,,1,3,8690,894,8,1,304,/997/8/567/688/695/315/254/894/480149258/,1AA698,0,,f,305,1884752328,734881840,Mediomedial anterior visual area,0.101960784,0.650980392,0.596078431
305,480149262,0,Mediomedial anterior visual area layer 1,VISmma1,,1,3,8690,480149258,9,1,305,/997/8/567/688/695/315/254/894/480149258/480149262/,1AA698,0,,f,306,2147483647,734881840,Mediomedial anterior visual area layer 1,0.101960784,0.650980392,0.596078431
306,480149266,0,Mediomedial anterior visual area layer 2/3,VISmma2/3,,1,3,8690,480149258,9,1,306,/997/8/567/688/695/315/254/894/480149258/480149266/,1AA698,0,,f,307,2147483647,734881840,Mediomedial anterior visual area layer 2/3,0.101960784,0.650980392,0.596078431
307,480149270,0,Mediomedial anterior visual area layer 4,VISmma4,,1,3,8690,480149258,9,1,307,/997/8/567/688/695/315/254/894/480149258/480149270/,1AA698,0,,f,308,2147483647,734881840,Mediomedial anterior visual area layer 4,0.101960784,0.650980392,0.596078431
308,480149274,0,Mediomedial anterior visual arealayer 5,VISmma5,,1,3,8690,480149258,9,1,308,/997/8/567/688/695/315/254/894/480149258/480149274/,1AA698,0,,f,309,1197199171,734881840,Mediomedial anterior visual arealayer 5,0.101960784,0.650980392,0.596078431
309,480149278,0,Mediomedial anterior visual area layer 6a,VISmma6a,,1,3,8690,480149258,9,1,309,/997/8/567/688/695/315/254/894/480149258/480149278/,1AA698,0,,f,310,139480659,734881840,Mediomedial anterior visual area layer 6a,0.101960784,0.650980392,0.596078431
310,480149282,0,Mediomedial anterior visual area layer 6b,VISmma6b,,1,3,8690,480149258,9,1,310,/997/8/567/688/695/315/254/894/480149258/480149282/,1AA698,0,,f,311,2147483647,734881840,Mediomedial anterior visual area layer 6b,0.101960784,0.650980392,0.596078431
311,480149286,0,Mediomedial posterior visual area,VISmmp,,1,3,8690,894,8,1,311,/997/8/567/688/695/315/254/894/480149286/,1AA698,0,,f,312,1089292433,734881840,Mediomedial posterior visual area,0.101960784,0.650980392,0.596078431
312,480149290,0,Mediomedial posterior visual area layer 1,VISmmp1,,1,3,8690,480149286,9,1,312,/997/8/567/688/695/315/254/894/480149286/480149290/,1AA698,0,,f,313,504923420,734881840,Mediomedial posterior visual area layer 1,0.101960784,0.650980392,0.596078431
313,480149294,0,Mediomedial posterior visual area layer 2/3,VISmmp2/3,,1,3,8690,480149286,9,1,313,/997/8/567/688/695/315/254/894/480149286/480149294/,1AA698,0,,f,314,2147483647,734881840,Mediomedial posterior visual area layer 2/3,0.101960784,0.650980392,0.596078431
314,480149298,0,Mediomedial posterior visual area layer 4,VISmmp4,,1,3,8690,480149286,9,1,314,/997/8/567/688/695/315/254/894/480149286/480149298/,1AA698,0,,f,315,1852993939,734881840,Mediomedial posterior visual area layer 4,0.101960784,0.650980392,0.596078431
315,480149302,0,Mediomedial posterior visual arealayer 5,VISmmp5,,1,3,8690,480149286,9,1,315,/997/8/567/688/695/315/254/894/480149286/480149302/,1AA698,0,,f,316,2147483647,734881840,Mediomedial posterior visual arealayer 5,0.101960784,0.650980392,0.596078431
316,480149306,0,Mediomedial posterior visual area layer 6a,VISmmp6a,,1,3,8690,480149286,9,1,316,/997/8/567/688/695/315/254/894/480149286/480149306/,1AA698,0,,f,317,2147483647,734881840,Mediomedial posterior visual area layer 6a,0.101960784,0.650980392,0.596078431
317,480149310,0,Mediomedial posterior visual area layer 6b,VISmmp6b,,1,3,8690,480149286,9,1,317,/997/8/567/688/695/315/254/894/480149286/480149310/,1AA698,0,,f,318,719338996,734881840,Mediomedial posterior visual area layer 6b,0.101960784,0.650980392,0.596078431
318,480149314,0,Medial visual area,VISm,,1,3,8690,894,8,1,318,/997/8/567/688/695/315/254/894/480149314/,1AA698,0,,f,319,2147483647,734881840,Medial visual area,0.101960784,0.650980392,0.596078431
319,480149318,0,Medial visual area layer 1,VISm1,,1,3,8690,480149314,9,1,319,/997/8/567/688/695/315/254/894/480149314/480149318/,1AA698,0,,f,320,1653035992,734881840,Medial visual area layer 1,0.101960784,0.650980392,0.596078431
320,480149322,0,Medial visual area layer 2/3,VISm2/3,,1,3,8690,480149314,9,1,320,/997/8/567/688/695/315/254/894/480149314/480149322/,1AA698,0,,f,321,1439750147,734881840,Medial visual area layer 2/3,0.101960784,0.650980392,0.596078431
321,480149326,0,Medial visual area layer 4,VISm4,,1,3,8690,480149314,9,1,321,/997/8/567/688/695/315/254/894/480149314/480149326/,1AA698,0,,f,322,317564759,734881840,Medial visual area layer 4,0.101960784,0.650980392,0.596078431
322,480149330,0,Medial visual arealayer 5,VISm5,,1,3,8690,480149314,9,1,322,/997/8/567/688/695/315/254/894/480149314/480149330/,1AA698,0,,f,323,2147483647,734881840,Medial visual arealayer 5,0.101960784,0.650980392,0.596078431
323,480149334,0,Medial visual area layer 6a,VISm6a,,1,3,8690,480149314,9,1,323,/997/8/567/688/695/315/254/894/480149314/480149334/,1AA698,0,,f,324,798815537,734881840,Medial visual area layer 6a,0.101960784,0.650980392,0.596078431
324,480149338,0,Medial visual area layer 6b,VISm6b,,1,3,8690,480149314,9,1,324,/997/8/567/688/695/315/254/894/480149314/480149338/,1AA698,0,,f,325,2147483647,734881840,Medial visual area layer 6b,0.101960784,0.650980392,0.596078431
325,879,392,Retrosplenial area dorsal part,RSPd,,1,3,8690,254,7,1,325,/997/8/567/688/695/315/254/879/,1AA698,0,,f,326,1698653345,734881840,Retrosplenial area dorsal part,0.101960784,0.650980392,0.596078431
326,442,1045,Retrosplenial area dorsal part layer 1,RSPd1,,1,3,8690,879,8,1,326,/997/8/567/688/695/315/254/879/442/,1AA698,0,,f,327,2147483647,734881840,Retrosplenial area dorsal part layer 1,0.101960784,0.650980392,0.596078431
327,434,761,Retrosplenial area dorsal part layer 2/3,RSPd2/3,,1,3,8690,879,8,1,327,/997/8/567/688/695/315/254/879/434/,1AA698,0,,f,328,1081955810,734881840,Retrosplenial area dorsal part layer 2/3,0.101960784,0.650980392,0.596078431
328,545,1058,Retrosplenial area dorsal part layer 4,RSPd4,,1,3,8690,879,8,1,328,/997/8/567/688/695/315/254/879/545/,1AA698,0,,f,329,2147483647,734881840,Retrosplenial area dorsal part layer 4,0.101960784,0.650980392,0.596078431
329,610,1066,Retrosplenial area dorsal part layer 5,RSPd5,,1,3,8690,879,8,1,329,/997/8/567/688/695/315/254/879/610/,1AA698,0,,f,330,2147483647,734881840,Retrosplenial area dorsal part layer 5,0.101960784,0.650980392,0.596078431
330,274,1024,Retrosplenial area dorsal part layer 6a,RSPd6a,,1,3,8690,879,8,1,330,/997/8/567/688/695/315/254/879/274/,1AA698,0,,f,331,1480351084,734881840,Retrosplenial area dorsal part layer 6a,0.101960784,0.650980392,0.596078431
331,330,1031,Retrosplenial area dorsal part layer 6b,RSPd6b,,1,3,8690,879,8,1,331,/997/8/567/688/695/315/254/879/330/,1AA698,0,,f,332,2147483647,734881840,Retrosplenial area dorsal part layer 6b,0.101960784,0.650980392,0.596078431
332,886,393,Retrosplenial area ventral part,RSPv,,1,3,8690,254,7,1,332,/997/8/567/688/695/315/254/886/,1AA698,0,,f,333,206834043,734881840,Retrosplenial area ventral part,0.101960784,0.650980392,0.596078431
333,542,633,Retrosplenial area ventral part layer 1,RSPv1,,1,3,8690,886,8,1,333,/997/8/567/688/695/315/254/886/542/,1AA698,0,,f,334,1320301965,734881840,Retrosplenial area ventral part layer 1,0.101960784,0.650980392,0.596078431
334,606,641,Retrosplenial area ventral part layer 2,RSPv2,,1,3,8690,886,8,1,334,/997/8/567/688/695/315/254/886/606/,1AA698,0,,f,335,2147483647,734881840,Retrosplenial area ventral part layer 2,0.101960784,0.650980392,0.596078431
335,430,619,Retrosplenial area ventral part layer 2/3,RSPv2/3,,1,3,8690,886,8,1,335,/997/8/567/688/695/315/254/886/430/,1AA698,0,,f,336,919443786,734881840,Retrosplenial area ventral part layer 2/3,0.101960784,0.650980392,0.596078431
336,687,651,Retrosplenial area ventral part layer 5,RSPv5,,1,3,8690,886,8,1,336,/997/8/567/688/695/315/254/886/687/,1AA698,0,,f,337,1239413140,734881840,Retrosplenial area ventral part layer 5,0.101960784,0.650980392,0.596078431
337,590,639,Retrosplenial area ventral part layer 6a,RSPv6a,,1,3,8690,886,8,1,337,/997/8/567/688/695/315/254/886/590/,1AA698,0,,f,338,884041004,734881840,Retrosplenial area ventral part layer 6a,0.101960784,0.650980392,0.596078431
338,622,643,Retrosplenial area ventral part layer 6b,RSPv6b,,1,3,8690,886,8,1,338,/997/8/567/688/695/315/254/886/622/,1AA698,0,,f,339,2147483647,734881840,Retrosplenial area ventral part layer 6b,0.101960784,0.650980392,0.596078431
339,22,285,Posterior parietal association areas,PTLp,,1,3,8690,315,6,1,339,/997/8/567/688/695/315/22/,009FAC,0,,f,340,2147483647,734881840,Posterior parietal association areas,0,0.623529412,0.674509804
340,532,1056,Posterior parietal association areas layer 1,PTLp1,,1,3,8690,22,7,1,340,/997/8/567/688/695/315/22/532/,009FAC,0,,f,341,1126558061,734881840,Posterior parietal association areas layer 1,0,0.623529412,0.674509804
341,241,454,Posterior parietal association areas layer 2/3,PTLp2/3,,1,3,8690,22,7,1,341,/997/8/567/688/695/315/22/241/,009FAC,0,,f,342,2147483647,734881840,Posterior parietal association areas layer 2/3,0,0.623529412,0.674509804
342,635,1069,Posterior parietal association areas layer 4,PTLp4,,1,3,8690,22,7,1,342,/997/8/567/688/695/315/22/635/,009FAC,0,,f,343,860823010,734881840,Posterior parietal association areas layer 4,0,0.623529412,0.674509804
343,683,1075,Posterior parietal association areas layer 5,PTLp5,,1,3,8690,22,7,1,343,/997/8/567/688/695/315/22/683/,009FAC,0,,f,344,1145580916,734881840,Posterior parietal association areas layer 5,0,0.623529412,0.674509804
344,308,1028,Posterior parietal association areas layer 6a,PTLp6a,,1,3,8690,22,7,1,344,/997/8/567/688/695/315/22/308/,009FAC,0,,f,345,2147483647,734881840,Posterior parietal association areas layer 6a,0,0.623529412,0.674509804
345,340,1032,Posterior parietal association areas layer 6b,PTLp6b,,1,3,8690,22,7,1,345,/997/8/567/688/695/315/22/340/,009FAC,0,,f,346,230637874,734881840,Posterior parietal association areas layer 6b,0,0.623529412,0.674509804
346,312782546,0,Anterior area,VISa,,1,3,8690,22,7,1,346,/997/8/567/688/695/315/22/312782546/,009FAC,0,,f,347,2147483647,734881840,Anterior area,0,0.623529412,0.674509804
347,312782550,0,Anterior area layer 1,VISa1,,1,3,8690,312782546,8,1,347,/997/8/567/688/695/315/22/312782546/312782550/,009FAC,0,,f,348,10340068,734881840,Anterior area layer 1,0,0.623529412,0.674509804
348,312782554,0,Anterior area layer 2/3,VISa2/3,,1,3,8690,312782546,8,1,348,/997/8/567/688/695/315/22/312782546/312782554/,009FAC,0,,f,349,2147483647,734881840,Anterior area layer 2/3,0,0.623529412,0.674509804
349,312782558,0,Anterior area layer 4,VISa4,,1,3,8690,312782546,8,1,349,/997/8/567/688/695/315/22/312782546/312782558/,009FAC,0,,f,350,1895248491,734881840,Anterior area layer 4,0,0.623529412,0.674509804
350,312782562,0,Anterior area layer 5,VISa5,,1,3,8690,312782546,8,1,350,/997/8/567/688/695/315/22/312782546/312782562/,009FAC,0,,f,351,133169917,734881840,Anterior area layer 5,0,0.623529412,0.674509804
351,312782566,0,Anterior area layer 6a,VISa6a,,1,3,8690,312782546,8,1,351,/997/8/567/688/695/315/22/312782546/312782566/,009FAC,0,,f,352,9540387,734881840,Anterior area layer 6a,0,0.623529412,0.674509804
352,312782570,0,Anterior area layer 6b,VISa6b,,1,3,8690,312782546,8,1,352,/997/8/567/688/695/315/22/312782546/312782570/,009FAC,0,,f,353,2147483647,734881840,Anterior area layer 6b,0,0.623529412,0.674509804
353,417,759,Rostrolateral visual area,VISrl,,1,3,8690,22,7,1,353,/997/8/567/688/695/315/22/417/,009FAC,0,,f,354,1848950861,734881840,Rostrolateral visual area,0,0.623529412,0.674509804
354,312782604,0,Rostrolateral area layer 1,VISrl1,,1,3,8690,417,8,1,354,/997/8/567/688/695/315/22/417/312782604/,009FAC,0,,f,355,2147483647,734881840,Rostrolateral area layer 1,0,0.623529412,0.674509804
355,312782608,0,Rostrolateral area layer 2/3,VISrl2/3,,1,3,8690,417,8,1,355,/997/8/567/688/695/315/22/417/312782608/,009FAC,0,,f,356,1695598268,734881840,Rostrolateral area layer 2/3,0,0.623529412,0.674509804
356,312782612,0,Rostrolateral area layer 4,VISrl4,,1,3,8690,417,8,1,356,/997/8/567/688/695/315/22/417/312782612/,009FAC,0,,f,357,2147483647,734881840,Rostrolateral area layer 4,0,0.623529412,0.674509804
357,312782616,0,Rostrolateral area layer 5,VISrl5,,1,3,8690,417,8,1,357,/997/8/567/688/695/315/22/417/312782616/,009FAC,0,,f,358,2147483647,734881840,Rostrolateral area layer 5,0,0.623529412,0.674509804
358,312782620,0,Rostrolateral area layer 6a,VISrl6a,,1,3,8690,417,8,1,358,/997/8/567/688/695/315/22/417/312782620/,009FAC,0,,f,359,1518183390,734881840,Rostrolateral area layer 6a,0,0.623529412,0.674509804
359,312782624,0,Rostrolateral area layer 6b,VISrl6b,,1,3,8690,417,8,1,359,/997/8/567/688/695/315/22/417/312782624/,009FAC,0,,f,360,2147483647,734881840,Rostrolateral area layer 6b,0,0.623529412,0.674509804
360,541,350,Temporal association areas,TEa,,1,3,8690,315,6,1,360,/997/8/567/688/695/315/541/,15B0B3,0,,f,361,2147483647,734881840,Temporal association areas,0.082352941,0.690196078,0.701960784
361,97,1002,Temporal association areas layer 1,TEa1,,1,3,8690,541,7,1,361,/997/8/567/688/695/315/541/97/,15B0B3,0,,f,362,456768453,734881840,Temporal association areas layer 1,0.082352941,0.690196078,0.701960784
362,1127,706,Temporal association areas layer 2/3,TEa2/3,,1,3,8690,541,7,1,362,/997/8/567/688/695/315/541/1127/,15B0B3,0,,f,363,74295275,734881840,Temporal association areas layer 2/3,0.082352941,0.690196078,0.701960784
363,234,1019,Temporal association areas layer 4,TEa4,,1,3,8690,541,7,1,363,/997/8/567/688/695/315/541/234/,15B0B3,0,,f,364,1800621898,734881840,Temporal association areas layer 4,0.082352941,0.690196078,0.701960784
364,289,1026,Temporal association areas layer 5,TEa5,,1,3,8690,541,7,1,364,/997/8/567/688/695/315/541/289/,15B0B3,0,,f,365,475299804,734881840,Temporal association areas layer 5,0.082352941,0.690196078,0.701960784
365,729,1081,Temporal association areas layer 6a,TEa6a,,1,3,8690,541,7,1,365,/997/8/567/688/695/315/541/729/,15B0B3,0,,f,366,1289955072,734881840,Temporal association areas layer 6a,0.082352941,0.690196078,0.701960784
366,786,1088,Temporal association areas layer 6b,TEa6b,,1,3,8690,541,7,1,366,/997/8/567/688/695/315/541/786/,15B0B3,0,,f,367,2147483647,734881840,Temporal association areas layer 6b,0.082352941,0.690196078,0.701960784
367,922,256,Perirhinal area,PERI,,1,3,8690,315,6,1,367,/997/8/567/688/695/315/922/,0E9684,0,,f,368,173995527,734881840,Perirhinal area,0.054901961,0.588235294,0.517647059
368,540,1057,Perirhinal area layer 1,PERI1,,1,3,8690,922,7,1,368,/997/8/567/688/695/315/922/540/,0E9684,0,,f,369,161492388,734881840,Perirhinal area layer 1,0.054901961,0.588235294,0.517647059
369,888,959,Perirhinal area layer 2/3,PERI2/3,,1,3,8690,922,7,1,369,/997/8/567/688/695/315/922/888/,0E9684,0,,f,370,1642584549,734881840,Perirhinal area layer 2/3,0.054901961,0.588235294,0.517647059
370,692,1076,Perirhinal area layer 5,PERI5,,1,3,8690,922,7,1,370,/997/8/567/688/695/315/922/692/,0E9684,0,,f,371,248375741,734881840,Perirhinal area layer 5,0.054901961,0.588235294,0.517647059
371,335,890,Perirhinal area layer 6a,PERI6a,,1,3,8690,922,7,1,371,/997/8/567/688/695/315/922/335/,0E9684,0,,f,372,1984229208,734881840,Perirhinal area layer 6a,0.054901961,0.588235294,0.517647059
372,368,894,Perirhinal area layer 6b,PERI6b,,1,3,8690,922,7,1,372,/997/8/567/688/695/315/922/368/,0E9684,0,,f,373,2147483647,734881840,Perirhinal area layer 6b,0.054901961,0.588235294,0.517647059
373,895,111,Ectorhinal area,ECT,,1,3,8690,315,6,1,373,/997/8/567/688/695/315/895/,0D9F91,0,,f,374,2147483647,734881840,Ectorhinal area,0.050980392,0.623529412,0.568627451
374,836,1094,Ectorhinal area/Layer 1,ECT1,,1,3,8690,895,7,1,374,/997/8/567/688/695/315/895/836/,0D9F91,0,,f,375,2147483647,734881840,Ectorhinal area/Layer 1,0.050980392,0.623529412,0.568627451
375,427,1043,Ectorhinal area/Layer 2/3,ECT2/3,,1,3,8690,895,7,1,375,/997/8/567/688/695/315/895/427/,0D9F91,0,,f,376,993691642,734881840,Ectorhinal area/Layer 2/3,0.050980392,0.623529412,0.568627451
376,988,1113,Ectorhinal area/Layer 5,ECT5,,1,3,8690,895,7,1,376,/997/8/567/688/695/315/895/988/,0D9F91,0,,f,377,2147483647,734881840,Ectorhinal area/Layer 5,0.050980392,0.623529412,0.568627451
377,977,1112,Ectorhinal area/Layer 6a,ECT6a,,1,3,8690,895,7,1,377,/997/8/567/688/695/315/895/977/,0D9F91,0,,f,378,2147483647,734881840,Ectorhinal area/Layer 6a,0.050980392,0.623529412,0.568627451
378,1045,1120,Ectorhinal area/Layer 6b,ECT6b,,1,3,8690,895,7,1,378,/997/8/567/688/695/315/895/1045/,0D9F91,0,,f,379,936163868,734881840,Ectorhinal area/Layer 6b,0.050980392,0.623529412,0.568627451